station,cbsa_code
US10adam002,25580
US10adam004,25580
US10adam008,25580
US10adam010,25580
US10adam022,25580
US10adam032,25580
US10adam051,25580
US10adam054,25580
US10adam056,25580
US10buff002,28260
US10buff004,28260
US10buff006,28260
US10buff007,28260
US10buff008,28260
US10buff036,28260
US10cass001,36540
US10clay004,25580
US10clay008,25580
US10clay009,25580
US10clay029,25580
US10colf001,18100
US10colf003,18100
US10daws001,30420
US10daws002,30420
US10daws008,30420
US10daws010,30420
US10daws011,30420
US10daws017,30420
US10doug006,36540
US10doug025,36540
US10doug059,36540
US10gage003,13100
US10gage009,13100
US10gage013,13100
US10gage020,13100
US10gage022,13100
US10gosp002,30420
US10gosp006,30420
US10hall001,24260
US10hall002,24260
US10hall004,24260
US10hall005,24260
US10hall007,24260
US10hall008,24260
US10hall009,24260
US10hall011,24260
US10hall016,24260
US10hall018,24260
US10howa005,24260
US10howa007,24260
US10howa009,24260
US10kear005,28260
US10lanc001,30700
US10lanc007,30700
US10lanc012,30700
US10lanc013,30700
US10lanc015,30700
US10lanc043,30700
US10lanc047,30700
US10lanc067,30700
US10linc003,35820
US10linc004,35820
US10linc018,35820
US10linc033,35820
US10linc035,35820
US10linc040,35820
US10linc047,35820
US10linc051,35820
US10linc060,35820
US10loga005,35820
US10madi001,35740
US10merr006,24260
US10merr009,24260
US10pier007,35740
US10pier008,35740
US10plat001,18100
US10plat023,18100
US10sarp006,36540
US10sarp016,36540
US10sarp024,36540
US10sarp031,36540
US10sarp039,36540
US10scot005,42420
US10scot014,42420
US10sewa004,30700
US10sewa005,30700
US10sewa006,30700
US10sewa023,30700
US10webs009,25580
US10webs013,25580
US10webs018,25580
US1AKAB0021,11260
US1AKAB0052,11260
US1AKFN0015,21820
US1AKMS0011,11260
US1AKMS0012,11260
US1ALBL0005,13820
US1ALBL0006,13820
US1ALBL0013,13820
US1ALBL0021,13820
US1ALBW0001,19300
US1ALBW0003,19300
US1ALBW0004,19300
US1ALBW0008,19300
US1ALBW0009,19300
US1ALBW0013,19300
US1ALBW0026,19300
US1ALBW0031,19300
US1ALBW0040,19300
US1ALBW0059,19300
US1ALBW0071,19300
US1ALCM0003,18980
US1ALCM0004,18980
US1ALCM0006,18980
US1ALCT0001,22520
US1ALCT0004,22520
US1ALCT0005,22520
US1ALCT0014,22520
US1ALDK0008,22840
US1ALDK0009,22840
US1ALDK0012,22840
US1ALDK0017,22840
US1ALDS0001,42820
US1ALEL0004,33860
US1ALEL0018,33860
US1ALEL0022,33860
US1ALEL0024,33860
US1ALJC0012,42460
US1ALJC0016,42460
US1ALJF0025,13820
US1ALJF0037,13820
US1ALJF0047,13820
US1ALJF0053,13820
US1ALJF0057,13820
US1ALLD0009,22520
US1ALLD0025,22520
US1ALLE0004,12220
US1ALLE0007,12220
US1ALLS0002,26620
US1ALLS0023,26620
US1ALLS0026,26620
US1ALMB0001,33660
US1ALMB0004,33660
US1ALMB0024,33660
US1ALMB0049,33660
US1ALMB0060,33660
US1ALMB0063,33660
US1ALMC0003,12220
US1ALMD0002,26620
US1ALMD0004,26620
US1ALMD0006,26620
US1ALMD0033,26620
US1ALMD0042,26620
US1ALMD0050,26620
US1ALMD0059,26620
US1ALMD0071,26620
US1ALMD0090,26620
US1ALMG0009,19460
US1ALMG0012,19460
US1ALMG0014,19460
US1ALMG0017,19460
US1ALMS0011,10700
US1ALMS0013,10700
US1ALMS0018,10700
US1ALMS0019,10700
US1ALMS0020,10700
US1ALMS0022,10700
US1ALMS0027,10700
US1ALMS0029,10700
US1ALMY0006,33860
US1ALMY0007,33860
US1ALMY0011,33860
US1ALRS0001,17980
US1ALSC0006,13820
US1ALSC0011,13820
US1ALSH0011,13820
US1ALSH0014,13820
US1ALSH0022,13820
US1ALSH0024,13820
US1ALSH0048,13820
US1ALSH0052,13820
US1ALTG0006,45180
US1ALTG0011,45180
US1ALTP0007,10760
US1ALTS0003,46220
US1ALTS0004,46220
US1ALTS0017,46220
US1ARBT0003,22220
US1ARBT0012,22220
US1ARBT0045,22220
US1ARBT0050,22220
US1ARBX0002,34260
US1ARBX0010,34260
US1ARBX0036,34260
US1ARCF0005,22900
US1ARCN0003,15780
US1ARFK0011,30780
US1ARFK0016,30780
US1ARFK0017,30780
US1ARGL0004,30780
US1ARGL0016,26300
US1ARGN0006,37500
US1ARGT0009,30780
US1ARJF0004,38220
US1ARLK0001,30780
US1ARML0003,45500
US1ARML0011,45500
US1ARNW0013,25460
US1ARPP0003,40780
US1ARPS0005,30780
US1ARPS0007,30780
US1ARPS0011,30780
US1ARPS0016,30780
US1ARPS0024,30780
US1ARPS0026,30780
US1ARPS0052,30780
US1ARPS0054,30780
US1ARPS0056,30780
US1ARPS0058,30780
US1ARPS0071,30780
US1ARPY0002,30780
US1ARSB0004,22900
US1ARSB0008,22900
US1ARSL0023,30780
US1ARSL0035,30780
US1ARWH0005,42620
US1ARWS0036,22220
US1AZCH0017,43420
US1AZCH0022,43420
US1AZCH0027,43420
US1AZCH0050,43420
US1AZCH0054,43420
US1AZCH0057,43420
US1AZCH0066,43420
US1AZCH0069,43420
US1AZCN0014,22380
US1AZCN0020,22380
US1AZCN0027,22380
US1AZCN0033,22380
US1AZCN0046,22380
US1AZCN0069,22380
US1AZCN0088,22380
US1AZCN0113,22380
US1AZGH0002,40940
US1AZMH0006,29420
US1AZMH0027,29420
US1AZMR0010,38060
US1AZMR0016,38060
US1AZMR0026,38060
US1AZMR0031,38060
US1AZMR0032,38060
US1AZMR0034,38060
US1AZMR0035,38060
US1AZMR0042,38060
US1AZMR0045,38060
US1AZMR0046,38060
US1AZMR0048,38060
US1AZMR0064,38060
US1AZMR0071,38060
US1AZMR0075,38060
US1AZMR0082,38060
US1AZMR0096,38060
US1AZMR0103,38060
US1AZMR0105,38060
US1AZMR0111,38060
US1AZMR0113,38060
US1AZMR0131,38060
US1AZMR0157,38060
US1AZMR0170,38060
US1AZMR0197,38060
US1AZMR0207,38060
US1AZMR0211,38060
US1AZMR0218,38060
US1AZMR0220,38060
US1AZMR0232,38060
US1AZMR0245,38060
US1AZMR0260,38060
US1AZMR0261,38060
US1AZMR0264,38060
US1AZMR0280,38060
US1AZMR0287,38060
US1AZMR0288,38060
US1AZMR0289,38060
US1AZMR0313,38060
US1AZMR0326,38060
US1AZMR0337,38060
US1AZMR0342,38060
US1AZMR0343,38060
US1AZMR0344,38060
US1AZMR0352,38060
US1AZMR0357,38060
US1AZMR0372,38060
US1AZMR0373,38060
US1AZMR0379,38060
US1AZMR0384,38060
US1AZMR0386,38060
US1AZMR0387,38060
US1AZMR0402,38060
US1AZMR0410,38060
US1AZMR0412,38060
US1AZMR0420,38060
US1AZMR0442,38060
US1AZMR0443,38060
US1AZMR0448,38060
US1AZMR0470,38060
US1AZMR0477,38060
US1AZMR0484,38060
US1AZMR0494,38060
US1AZMR0499,38060
US1AZNV0007,43320
US1AZNV0009,43320
US1AZNV0010,43320
US1AZNV0012,43320
US1AZNV0018,43320
US1AZPM0003,46060
US1AZPM0005,46060
US1AZPM0007,46060
US1AZPM0010,46060
US1AZPM0013,46060
US1AZPM0031,46060
US1AZPM0038,46060
US1AZPM0046,46060
US1AZPM0047,46060
US1AZPM0049,46060
US1AZPM0050,46060
US1AZPM0051,46060
US1AZPM0062,46060
US1AZPM0063,46060
US1AZPM0069,46060
US1AZPM0072,46060
US1AZPM0082,46060
US1AZPM0087,46060
US1AZPM0101,46060
US1AZPM0105,46060
US1AZPM0106,46060
US1AZPM0107,46060
US1AZPM0108,46060
US1AZPM0109,46060
US1AZPM0111,46060
US1AZPM0112,46060
US1AZPM0118,46060
US1AZPM0119,46060
US1AZPM0124,46060
US1AZPM0127,46060
US1AZPM0132,46060
US1AZPM0135,46060
US1AZPM0137,46060
US1AZPM0139,46060
US1AZPM0141,46060
US1AZPM0143,46060
US1AZPM0145,46060
US1AZPM0146,46060
US1AZPM0147,46060
US1AZPM0148,46060
US1AZPM0156,46060
US1AZPM0160,46060
US1AZPM0162,46060
US1AZPM0172,46060
US1AZPM0181,46060
US1AZPM0184,46060
US1AZPM0185,46060
US1AZPM0191,46060
US1AZPM0193,46060
US1AZPM0194,46060
US1AZPM0201,46060
US1AZPM0202,46060
US1AZPM0206,46060
US1AZPM0214,46060
US1AZPM0215,46060
US1AZPM0229,46060
US1AZPM0231,46060
US1AZPM0233,46060
US1AZPM0244,46060
US1AZPM0245,46060
US1AZPM0247,46060
US1AZPM0250,46060
US1AZPM0261,46060
US1AZPM0263,46060
US1AZPM0265,46060
US1AZPM0269,46060
US1AZPM0273,46060
US1AZPM0285,46060
US1AZPM0292,46060
US1AZPM0294,46060
US1AZPM0304,46060
US1AZPM0315,46060
US1AZPM0318,46060
US1AZPM0323,46060
US1AZPM0339,46060
US1AZPM0347,46060
US1AZPN0008,38060
US1AZPN0020,38060
US1AZPN0024,38060
US1AZPN0025,38060
US1AZPN0027,38060
US1AZPN0029,38060
US1AZPN0033,38060
US1AZPN0035,38060
US1AZPN0037,38060
US1AZPN0049,38060
US1AZPN0065,38060
US1AZPN0073,38060
US1AZPN0077,38060
US1AZSC0010,35700
US1AZSC0013,35700
US1AZYM0001,49740
US1AZYM0007,49740
US1AZYV0001,39150
US1AZYV0005,39150
US1AZYV0018,39150
US1AZYV0022,39150
US1AZYV0030,39150
US1AZYV0034,39150
US1AZYV0042,39150
US1AZYV0049,39150
US1AZYV0052,39150
US1AZYV0055,39150
US1AZYV0060,39150
US1AZYV0068,39150
US1AZYV0087,39150
US1AZYV0091,39150
US1AZYV0092,39150
US1AZYV0136,39150
US1CAAL0001,41860
US1CAAL0003,41860
US1CAAL0004,41860
US1CAAL0012,41860
US1CAAL0018,41860
US1CAAL0030,41860
US1CABT0009,17020
US1CABT0026,17020
US1CABT0033,17020
US1CACC0001,41860
US1CACC0004,41860
US1CACC0010,41860
US1CACC0011,41860
US1CACC0016,41860
US1CACC0018,41860
US1CACC0028,41860
US1CACC0031,41860
US1CACC0037,41860
US1CACC0040,41860
US1CADN0001,18860
US1CADN0006,18860
US1CAED0003,40900
US1CAED0010,40900
US1CAED0011,40900
US1CAED0017,40900
US1CAED0020,40900
US1CAED0023,40900
US1CAFR0002,23420
US1CAFR0008,23420
US1CAFR0014,23420
US1CAFR0026,23420
US1CAHM0004,21700
US1CAHM0005,21700
US1CAHM0009,21700
US1CAHM0014,21700
US1CAHM0022,21700
US1CAHM0026,21700
US1CAHM0029,21700
US1CAHM0030,21700
US1CAHM0035,21700
US1CAHM0038,21700
US1CAHM0044,21700
US1CAHM0046,21700
US1CAHM0048,21700
US1CAHM0052,21700
US1CAHM0060,21700
US1CAHM0063,21700
US1CAHM0066,21700
US1CAHM0073,21700
US1CAIN0012,13860
US1CAIN0013,13860
US1CAKG0003,25260
US1CAKG0004,25260
US1CAKG0005,25260
US1CAKN0001,12540
US1CAKN0013,12540
US1CAKN0022,12540
US1CAKN0026,12540
US1CALA0001,31080
US1CALA0003,31080
US1CALA0005,31080
US1CALA0009,31080
US1CALA0010,31080
US1CALA0014,31080
US1CALA0023,31080
US1CALA0031,31080
US1CALA0036,31080
US1CALA0043,31080
US1CALA0064,31080
US1CALK0009,17340
US1CALS0001,45000
US1CALS0002,45000
US1CAMA0003,23420
US1CAMA0007,23420
US1CAMA0008,23420
US1CAMA0009,23420
US1CAMD0001,46380
US1CAMD0003,46380
US1CAMD0014,46380
US1CAMD0022,46380
US1CAMD0026,46380
US1CAMR0002,41860
US1CAMR0009,41860
US1CAMR0025,41860
US1CAMR0026,41860
US1CAMR0029,41860
US1CAMR0030,41860
US1CAMR0037,41860
US1CAMT0003,41500
US1CAMT0005,41500
US1CAMT0006,41500
US1CAMT0017,41500
US1CAMT0020,41500
US1CAMT0033,41500
US1CAMT0041,41500
US1CAMT0042,41500
US1CANP0003,34900
US1CANV0001,46020
US1CANV0014,46020
US1CANV0016,46020
US1CANV0035,46020
US1CANV0036,46020
US1CANV0041,46020
US1CAOR0001,31080
US1CAOR0006,31080
US1CAOR0016,31080
US1CAOR0019,31080
US1CAOR0021,31080
US1CAOR0027,31080
US1CAOR0031,31080
US1CAOR0039,31080
US1CAPC0001,40900
US1CAPC0007,40900
US1CAPC0010,40900
US1CAPC0011,40900
US1CAPC0013,40900
US1CAPC0021,40900
US1CAPC0024,40900
US1CAPC0035,40900
US1CARV0005,40140
US1CARV0008,40140
US1CARV0015,40140
US1CARV0018,40140
US1CARV0019,40140
US1CARV0020,40140
US1CARV0027,40140
US1CARV0034,40140
US1CARV0043,40140
US1CARV0050,40140
US1CASA0002,40900
US1CASA0005,40900
US1CASA0007,40900
US1CASA0012,40900
US1CASA0029,40900
US1CASA0030,40900
US1CASB0001,42200
US1CASC0001,41940
US1CASC0003,41940
US1CASC0005,41940
US1CASC0011,41940
US1CASC0012,41940
US1CASC0015,41940
US1CASC0032,41940
US1CASC0040,41940
US1CASC0042,41940
US1CASC0045,41940
US1CASC0052,41940
US1CASC0053,42100
US1CASC0057,41940
US1CASD0001,41740
US1CASD0004,41740
US1CASD0006,41740
US1CASD0007,41740
US1CASD0008,41740
US1CASD0009,41740
US1CASD0010,41740
US1CASD0011,41740
US1CASD0012,41740
US1CASD0014,41740
US1CASD0015,41740
US1CASD0018,41740
US1CASD0022,41740
US1CASD0023,41740
US1CASD0024,41740
US1CASD0027,41740
US1CASD0029,41740
US1CASD0030,41740
US1CASD0035,41740
US1CASD0040,41740
US1CASD0047,41740
US1CASD0049,41740
US1CASD0052,41740
US1CASD0053,41740
US1CASD0054,41740
US1CASD0055,41740
US1CASD0057,41740
US1CASD0059,41740
US1CASD0060,41740
US1CASD0061,41740
US1CASD0063,41740
US1CASD0074,41740
US1CASD0076,41740
US1CASD0080,41740
US1CASD0086,41740
US1CASD0090,41740
US1CASD0097,41740
US1CASD0099,41740
US1CASD0101,41740
US1CASD0104,41740
US1CASD0105,41740
US1CASD0110,41740
US1CASD0114,41740
US1CASD0115,41740
US1CASD0120,41740
US1CASD0128,41740
US1CASD0130,41740
US1CASD0131,41740
US1CASD0132,41740
US1CASD0133,41740
US1CASD0148,41740
US1CASD0180,41740
US1CASF0004,41860
US1CASH0006,39820
US1CASH0010,39820
US1CASH0011,39820
US1CASH0018,39820
US1CASH0051,39820
US1CASH0056,39820
US1CASH0068,39820
US1CASH0071,39820
US1CASJ0001,44700
US1CASJ0004,44700
US1CASJ0005,44700
US1CASJ0011,44700
US1CASM0001,41860
US1CASM0006,41860
US1CASM0007,41860
US1CASM0015,41860
US1CASM0016,41860
US1CASM0022,41860
US1CASM0032,41860
US1CASN0016,42220
US1CASN0029,42220
US1CASN0049,42220
US1CASN0061,42220
US1CASN0062,42220
US1CASN0070,42220
US1CASN0071,42220
US1CASN0074,42220
US1CASN0080,42220
US1CASN0088,42220
US1CASN0089,42220
US1CASN0090,42220
US1CASN0098,42220
US1CASN0112,42220
US1CASN0116,42220
US1CASO0007,46700
US1CASR0009,40140
US1CASR0014,40140
US1CASR0026,40140
US1CASR0029,40140
US1CASR0034,40140
US1CASR0036,40140
US1CASR0046,40140
US1CASR0053,40140
US1CASR0055,40140
US1CASR0058,40140
US1CASR0072,40140
US1CASS0001,33700
US1CASS0006,33700
US1CAST0005,41940
US1CASZ0021,42100
US1CASZ0024,42100
US1CASZ0028,42100
US1CASZ0036,42100
US1CASZ0051,42100
US1CATH0029,39780
US1CATL0011,47300
US1CATL0017,47300
US1CAVT0001,37100
US1CAVT0002,37100
US1CAVT0016,37100
US1CAYB0001,49700
US1CAYB0003,49700
US1CAYL0001,40900
US1CAYL0002,40900
US1CAYL0009,40900
US1CAYL0010,40900
US1CAYL0014,40900
US1CAYL0019,40900
US1CAYL0021,40900
US1COAD0022,19740
US1COAD0082,19740
US1COAD0087,19740
US1COAD0100,19740
US1COAD0120,19740
US1COAD0123,19740
US1COAD0127,19740
US1COAD0204,19740
US1COAD0216,19740
US1COAM0001,10480
US1COAM0010,10480
US1COAM0021,10480
US1COAM0032,10480
US1COAR0043,19740
US1COAR0068,19740
US1COAR0071,19740
US1COAR0085,19740
US1COAR0099,19740
US1COAR0105,19740
US1COAR0164,19740
US1COAR0207,19740
US1COAR0214,19740
US1COAR0270,19740
US1COAR0273,19740
US1COAR0288,19740
US1COAR0313,19740
US1COAR0314,19740
US1COBO0002,19740
US1COBO0004,14500
US1COBO0008,14500
US1COBO0009,14500
US1COBO0014,14500
US1COBO0022,14500
US1COBO0030,14500
US1COBO0035,14500
US1COBO0042,14500
US1COBO0057,14500
US1COBO0067,14500
US1COBO0072,14500
US1COBO0075,14500
US1COBO0084,14500
US1COBO0092,14500
US1COBO0110,14500
US1COBO0135,14500
US1COBO0137,14500
US1COBO0143,14500
US1COBO0144,14500
US1COBO0146,14500
US1COBO0149,14500
US1COBO0165,14500
US1COBO0202,14500
US1COBO0220,14500
US1COBO0222,14500
US1COBO0248,14500
US1COBO0266,14500
US1COBO0285,14500
US1COBO0286,14500
US1COBO0290,14500
US1COBO0298,14500
US1COBO0322,14500
US1COBO0338,14500
US1COBO0343,14500
US1COBO0352,14500
US1COBO0361,14500
US1COBO0465,14500
US1COBR0013,19740
US1COBR0032,19740
US1COBR0040,19740
US1COCC0001,19740
US1COCC0002,19740
US1COCC0018,19740
US1COCN0006,10480
US1COCS0012,10480
US1COCS0019,10480
US1CODG0030,19740
US1CODG0032,19740
US1CODG0062,19740
US1CODG0074,19740
US1CODG0133,19740
US1CODG0149,19740
US1CODG0158,19740
US1CODG0162,19740
US1CODG0174,19740
US1CODG0176,19740
US1CODG0180,19740
US1CODG0196,19740
US1CODG0205,19740
US1CODG0228,19740
US1CODG0229,19740
US1CODG0282,19740
US1CODN0016,19740
US1CODN0025,19740
US1CODN0049,19740
US1CODN0074,19740
US1CODN0077,19740
US1CODN0079,19740
US1CODN0141,19740
US1CODN0175,19740
US1COEG0006,20780
US1COEG0008,20780
US1COEG0021,20780
US1COEG0037,20780
US1COEL0005,19740
US1COEL0010,19740
US1COEL0046,19740
US1COEL0063,19740
US1COEL0075,19740
US1COEP0007,17820
US1COEP0012,17820
US1COEP0037,17820
US1COEP0055,17820
US1COEP0058,17820
US1COEP0061,17820
US1COEP0064,17820
US1COEP0068,17820
US1COEP0158,17820
US1COEP0175,17820
US1COEP0188,17820
US1COEP0189,17820
US1COEP0192,17820
US1COEP0194,17820
US1COEP0210,17820
US1COEP0234,17820
US1COEP0264,17820
US1COEP0291,17820
US1COEP0311,17820
US1COEP0333,17820
US1COEP0337,17820
US1COEP0356,17820
US1COEP0396,17820
US1COFM0008,15860
US1COFM0009,15860
US1COFM0011,15860
US1COFM0019,15860
US1COFM0021,15860
US1COFM0034,15860
US1COFM0050,15860
US1COGF0001,40090
US1COGF0002,40090
US1COGF0040,40090
US1COGF0047,40090
US1COGF0049,40090
US1COGF0060,40090
US1COGL0020,19740
US1COJF0001,19740
US1COJF0003,19740
US1COJF0020,19740
US1COJF0051,19740
US1COJF0061,19740
US1COJF0063,19740
US1COJF0072,19740
US1COJF0081,19740
US1COJF0125,19740
US1COJF0128,19740
US1COJF0157,19740
US1COJF0179,19740
US1COJF0212,19740
US1COJF0240,19740
US1COJF0267,19740
US1COJF0290,19740
US1COJF0331,19740
US1COJF0332,19740
US1COJF0333,19740
US1COJF0335,19740
US1COJF0343,19740
US1COJF0376,19740
US1COJF0395,19740
US1COJF0399,19740
US1COJF0430,19740
US1COJF0455,19740
US1COJF0457,19740
US1COLG0002,44540
US1COLG0035,44540
US1COLG0040,44540
US1COLG0049,44540
US1COLG0059,44540
US1COLK0001,14720
US1COLK0010,14720
US1COLP0008,20420
US1COLP0022,20420
US1COLP0026,20420
US1COLP0035,20420
US1COLP0042,20420
US1COLP0067,20420
US1COLP0070,20420
US1COLP0072,20420
US1COLP0074,20420
US1COLP0079,20420
US1COLP0098,20420
US1COLR0036,22660
US1COLR0075,22660
US1COLR0104,22660
US1COLR0112,22660
US1COLR0140,22660
US1COLR0142,22660
US1COLR0225,22660
US1COLR0247,22660
US1COLR0250,22660
US1COLR0252,22660
US1COLR0255,22660
US1COLR0259,22660
US1COLR0273,22660
US1COLR0284,22660
US1COLR0307,22660
US1COLR0311,22660
US1COLR0312,22660
US1COLR0316,22660
US1COLR0320,22660
US1COLR0329,22660
US1COLR0340,22660
US1COLR0372,22660
US1COLR0391,22660
US1COLR0393,22660
US1COLR0412,22660
US1COLR0495,22660
US1COLR0500,22660
US1COLR0501,22660
US1COLR0509,22660
US1COLR0528,22660
US1COLR0546,22660
US1COLR0555,22660
US1COLR0567,22660
US1COLR0610,22660
US1COLR0623,22660
US1COLR0630,22660
US1COLR0632,22660
US1COLR0636,22660
US1COLR0662,22660
US1COLR0672,22660
US1COLR0676,22660
US1COLR0758,22660
US1COLR0762,22660
US1COLR0767,22660
US1COLR0797,22660
US1COLR0815,22660
US1COLR0825,22660
US1COLR0832,22660
US1COLR0845,22660
US1COLR0849,22660
US1COLR0854,22660
US1COLR0863,22660
US1COLR0885,22660
US1COLR0918,22660
US1COLR0922,22660
US1COLR1020,22660
US1COLR1038,22660
US1COLR1049,22660
US1COLR1100,22660
US1COLR1109,22660
US1COME0003,24300
US1COME0007,24300
US1COME0024,24300
US1COME0053,24300
US1COME0064,24300
US1COME0079,24300
US1COME0125,24300
US1COME0137,24300
US1COME0140,24300
US1COMR0001,22820
US1COMR0081,22820
US1COMR0083,22820
US1COMR0084,22820
US1COMT0005,33940
US1COMT0006,33940
US1COMT0009,33940
US1COMT0013,33940
US1COMT0015,33940
US1COMT0025,33940
US1COMT0031,33940
US1COMT0036,33940
US1COMT0040,33940
US1COPK0005,19740
US1COPK0039,19740
US1COPK0046,19740
US1COPK0067,19740
US1COPK0069,19740
US1COPK0078,19740
US1COPU0014,39380
US1COPU0055,39380
US1COPU0065,39380
US1COPU0079,39380
US1COPU0080,39380
US1COPU0082,39380
US1COPU0094,39380
US1COPU0098,39380
US1COPU0101,39380
US1COPU0103,39380
US1COPU0109,39380
US1COPU0118,39380
US1COPU0121,39380
US1CORT0052,44460
US1CORT0053,44460
US1COSU0016,14720
US1COSU0035,14720
US1COTL0016,17820
US1COWE0003,24540
US1COWE0025,24540
US1COWE0043,24540
US1COWE0127,24540
US1COWE0129,24540
US1COWE0163,24540
US1COWE0171,24540
US1COWE0176,24540
US1COWE0187,24540
US1COWE0199,24540
US1COWE0203,24540
US1COWE0250,24540
US1COWE0296,24540
US1COWE0311,24540
US1COWE0318,24540
US1COWE0340,24540
US1COWE0345,24540
US1COWE0364,24540
US1COWE0374,24540
US1COWE0409,24540
US1COWE0424,24540
US1COWE0447,24540
US1COWE0511,24540
US1CTFR0003,14860
US1CTFR0009,14860
US1CTFR0020,14860
US1CTFR0023,47930
US1CTFR0025,14860
US1CTFR0029,14860
US1CTFR0031,14860
US1CTFR0041,14860
US1CTFR0043,14860
US1CTFR0050,14860
US1CTHR0006,25540
US1CTHR0008,25540
US1CTHR0011,25540
US1CTHR0015,25540
US1CTHR0022,25540
US1CTHR0028,25540
US1CTHR0065,25540
US1CTHR0068,25540
US1CTLT0015,45860
US1CTLT0020,45860
US1CTMD0021,25540
US1CTMD0023,25540
US1CTMD0025,25540
US1CTNH0014,47930
US1CTNH0022,47930
US1CTNH0043,35300
US1CTNH0044,35300
US1CTNH0047,47930
US1CTNL0006,35980
US1CTNL0010,35980
US1CTNL0021,35980
US1CTNL0022,35980
US1CTNL0024,35980
US1CTNL0038,25540
US1CTTL0015,25540
US1CTTL0019,25540
US1CTTL0027,25540
US1CTWN0004,39480
US1CTWN0008,39480
US1Colf1831,18100
US1DEKN0001,20100
US1DENC0002,37980
US1DENC0010,37980
US1DENC0033,37980
US1DESS0002,42580
US1DESS0003,42580
US1DESS0006,42580
US1DESS0025,42580
US1DESS0030,42580
US1DESS0035,42580
US1DESS0044,42580
US1DESS0064,42580
US1FLAL0004,23540
US1FLAL0007,23540
US1FLAL0010,23540
US1FLAL0026,23540
US1FLAL0031,23540
US1FLAL0051,23540
US1FLBK0005,27260
US1FLBK0006,27260
US1FLBK0007,27260
US1FLBV0001,37340
US1FLBV0002,37340
US1FLBV0005,37340
US1FLBV0012,37340
US1FLBV0013,37340
US1FLBV0020,37340
US1FLBV0023,37340
US1FLBV0028,37340
US1FLBV0047,37340
US1FLBV0054,37340
US1FLBV0059,37340
US1FLBV0063,37340
US1FLBW0007,33100
US1FLBW0013,33100
US1FLBW0076,33100
US1FLBW0127,33100
US1FLBY0010,37460
US1FLBY0015,37460
US1FLBY0016,37460
US1FLCB0012,29380
US1FLCH0013,39460
US1FLCH0017,39460
US1FLCT0011,26140
US1FLCY0001,27260
US1FLCY0002,27260
US1FLCY0003,27260
US1FLCY0005,27260
US1FLCY0007,27260
US1FLCY0019,27260
US1FLCY0025,27260
US1FLCY0037,27260
US1FLDV0003,27260
US1FLDV0013,27260
US1FLDV0021,27260
US1FLDV0033,27260
US1FLDV0042,27260
US1FLDV0063,27260
US1FLDV0066,27260
US1FLDV0079,27260
US1FLES0015,37860
US1FLES0024,37860
US1FLES0026,37860
US1FLFL0024,19660
US1FLFL0032,19660
US1FLFL0040,19660
US1FLGD0002,45220
US1FLGL0007,17500
US1FLHB0001,45300
US1FLHB0004,45300
US1FLHB0005,45300
US1FLHB0010,45300
US1FLHB0017,45300
US1FLHB0027,45300
US1FLHB0033,45300
US1FLHB0037,45300
US1FLHB0044,45300
US1FLHB0048,45300
US1FLHB0051,45300
US1FLHB0055,45300
US1FLHB0069,45300
US1FLHB0098,45300
US1FLHB0112,45300
US1FLHB0114,45300
US1FLHB0130,45300
US1FLHB0140,45300
US1FLHL0001,42700
US1FLHL0003,42700
US1FLHL0012,42700
US1FLHL0013,42700
US1FLHN0014,45300
US1FLHY0003,17500
US1FLIR0006,42680
US1FLIR0024,42680
US1FLIR0029,42680
US1FLIR0036,42680
US1FLJF0006,45220
US1FLJF0007,45220
US1FLJF0009,45220
US1FLLE0006,15980
US1FLLE0022,15980
US1FLLK0003,36740
US1FLLK0005,36740
US1FLLK0021,36740
US1FLLK0025,36740
US1FLLK0028,36740
US1FLLN0010,45220
US1FLLN0029,45220
US1FLLN0031,45220
US1FLLN0034,45220
US1FLLN0041,45220
US1FLLN0047,45220
US1FLLN0055,45220
US1FLLV0004,23540
US1FLMA0006,35840
US1FLMA0033,35840
US1FLMD0003,33100
US1FLMD0007,33100
US1FLMD0022,33100
US1FLMD0030,33100
US1FLMD0033,33100
US1FLMD0051,33100
US1FLMD0059,33100
US1FLMD0069,33100
US1FLMN0006,28580
US1FLMN0008,28580
US1FLMN0024,28580
US1FLMR0003,36100
US1FLMR0004,36100
US1FLMR0012,36100
US1FLMR0013,36100
US1FLMR0018,36100
US1FLMR0032,36100
US1FLMR0036,36100
US1FLMR0046,36100
US1FLMR0054,36100
US1FLMR0066,36100
US1FLOB0002,36380
US1FLOK0001,18880
US1FLOK0002,18880
US1FLOK0015,18880
US1FLOK0020,18880
US1FLOK0023,18880
US1FLOK0029,18880
US1FLOR0019,36740
US1FLOR0026,36740
US1FLOR0027,36740
US1FLOR0030,36740
US1FLOR0035,36740
US1FLOR0046,36740
US1FLOS0001,36740
US1FLPB0007,33100
US1FLPB0012,33100
US1FLPB0013,33100
US1FLPB0036,33100
US1FLPB0061,33100
US1FLPB0069,33100
US1FLPB0072,33100
US1FLPB0081,33100
US1FLPK0007,29460
US1FLPK0018,29460
US1FLPK0032,29460
US1FLPK0034,29460
US1FLPK0035,29460
US1FLPK0037,29460
US1FLPK0039,29460
US1FLPN0004,45300
US1FLPN0006,45300
US1FLPN0009,45300
US1FLPN0017,45300
US1FLPN0034,45300
US1FLPN0036,45300
US1FLPN0060,45300
US1FLPN0083,45300
US1FLPS0004,45300
US1FLPS0006,45300
US1FLPS0008,45300
US1FLPS0010,45300
US1FLPS0018,45300
US1FLPS0043,45300
US1FLPT0001,37260
US1FLPT0007,37260
US1FLPT0008,37260
US1FLSJ0004,27260
US1FLSJ0016,27260
US1FLSL0017,38940
US1FLSL0019,38940
US1FLSM0008,36740
US1FLSS0010,35840
US1FLSS0014,35840
US1FLSS0015,35840
US1FLSS0022,35840
US1FLSS0034,35840
US1FLSS0040,35840
US1FLST0009,48680
US1FLST0012,48680
US1FLST0013,48680
US1FLST0025,48680
US1FLVL0001,19660
US1FLVL0005,19660
US1FLVL0006,19660
US1FLVL0009,19660
US1FLVL0021,19660
US1FLVL0024,19660
US1FLVL0029,19660
US1FLVL0038,19660
US1FLVL0042,19660
US1FLVL0044,19660
US1FLVL0051,19660
US1FLVL0060,19660
US1FLVL0081,19660
US1FLWS0001,37460
US1FLWT0002,18880
US1GAAT0002,20060
US1GABB0016,31420
US1GABD0001,33300
US1GABR0002,42340
US1GABW0004,12060
US1GABY0001,15260
US1GACB0002,12060
US1GACB0006,12060
US1GACB0016,12060
US1GACE0012,12060
US1GACF0001,20060
US1GACG0011,44900
US1GACK0010,12020
US1GACK0011,12020
US1GACK0017,12020
US1GACL0005,12060
US1GACL0006,12060
US1GACL0007,12060
US1GACM0014,28680
US1GACN0005,12060
US1GACT0001,42340
US1GACT0003,42340
US1GACT0017,42340
US1GACT0036,42340
US1GACT0038,42340
US1GACT0040,42340
US1GACT0055,42340
US1GACT0060,42340
US1GACT0067,42340
US1GACU0003,12260
US1GACU0006,12260
US1GACU0009,12260
US1GACW0002,12060
US1GACW0004,12060
US1GACW0009,12060
US1GACW0014,12060
US1GACW0016,12060
US1GADH0001,10500
US1GADK0002,12060
US1GADK0007,12060
US1GADK0013,12060
US1GADK0033,12060
US1GADS0002,12060
US1GADS0003,12060
US1GAEF0013,42340
US1GAEF0017,42340
US1GAEF0018,42340
US1GAEV0001,44340
US1GAFS0020,12060
US1GAFT0010,12060
US1GAFT0019,12060
US1GAFT0024,12060
US1GAFT0037,12060
US1GAFY0001,12060
US1GAFY0007,12060
US1GAFY0028,12060
US1GAGW0008,12060
US1GAGW0016,12060
US1GAGW0017,12060
US1GAGW0033,12060
US1GAGW0039,12060
US1GAGW0040,12060
US1GAGY0002,45620
US1GAHB0005,18460
US1GAHB0007,18460
US1GAHL0001,23580
US1GAHL0010,23580
US1GAHR0007,17980
US1GAHS0003,47580
US1GAHS0011,47580
US1GAHS0016,47580
US1GAHY0008,12060
US1GAJC0004,27600
US1GAJN0006,31420
US1GALB0004,25980
US1GALB0006,25980
US1GALW0004,46660
US1GALW0008,46660
US1GAMA0001,12020
US1GAMA0009,12020
US1GAMA0010,12020
US1GAMI0001,15260
US1GAMI0003,15260
US1GAMI0005,15260
US1GAMN0010,31420
US1GANW0001,12060
US1GAOC0001,12020
US1GAOC0002,12020
US1GAOC0009,12020
US1GAOG0012,12020
US1GAOG0015,12020
US1GAPE0001,47580
US1GAPE0003,47580
US1GAPL0003,16340
US1GAPL0005,16340
US1GATG0001,31420
US1GATH0004,45620
US1GATL0001,10500
US1GATP0001,29300
US1GATP0003,29300
US1GAUP0001,45580
US1GAWL0001,12060
US1GAWT0003,10500
US1GAWY0007,27700
US1HIHI0003,25900
US1HIHI0006,25900
US1HIHI0012,25900
US1HIHI0033,25900
US1HIHI0035,25900
US1HIHI0050,25900
US1HIHI0051,25900
US1HIHI0055,25900
US1HIHI0065,25900
US1HIHN0010,46520
US1HIHN0014,46520
US1HIHN0022,46520
US1HIKI0005,28180
US1HIKI0009,28180
US1HIKI0019,28180
US1HIMI0002,27980
US1IABH0006,47940
US1IABN0012,11180
US1IACN0001,17540
US1IACN0002,17540
US1IACN0005,17540
US1IADM0007,15460
US1IAGT0001,19780
US1IAJN0010,16300
US1IALN0003,16300
US1IALN0007,16300
US1IAPK0003,19780
US1IAPK0021,19780
US1IAPK0036,19780
US1IAPK0037,19780
US1IAPK0068,19780
US1IAPK0073,19780
US1IAPK0083,19780
US1IAPT0002,36540
US1IAPT0007,36540
US1IAPT0013,36540
US1IASR0002,11180
US1IASR0005,11180
US1IASR0019,11180
US1IAST0001,19340
US1IAST0003,19340
US1IAST0004,19340
US1IAST0008,19340
US1IAST0030,19340
US1IAST0037,19340
US1IAWB0003,22700
US1IAWB0005,22700
US1IAWB0012,22700
US1IAWR0007,19780
US1IDAD0002,14260
US1IDAD0005,14260
US1IDAD0007,14260
US1IDAD0009,14260
US1IDAD0011,14260
US1IDAD0020,14260
US1IDAD0021,14260
US1IDAD0045,14260
US1IDAD0046,14260
US1IDBK0016,38540
US1IDBN0003,25200
US1IDBR0003,41760
US1IDBR0015,41760
US1IDBR0027,41760
US1IDBV0006,26820
US1IDCY0012,14260
US1IDCY0015,14260
US1IDEL0001,34300
US1IDEL0005,34300
US1IDKT0003,17660
US1IDKT0012,17660
US1IDLT0001,34140
US1IDNP0001,30300
US1IDON0001,14940
US1IDTF0001,46300
US1ILBN0014,40420
US1ILBU0008,36837
US1ILCK0012,16980
US1ILCK0014,16980
US1ILCK0050,16980
US1ILCK0063,16980
US1ILCK0064,16980
US1ILCK0074,16980
US1ILCK0075,16980
US1ILCK0094,16980
US1ILCK0098,16980
US1ILCK0106,16980
US1ILCK0107,16980
US1ILCK0121,16980
US1ILCK0131,16980
US1ILCK0145,16980
US1ILCK0193,16980
US1ILCK0211,16980
US1ILCK0214,16980
US1ILCK0232,16980
US1ILCK0278,16980
US1ILCK0282,16980
US1ILCK0285,16980
US1ILCN0003,45380
US1ILCN0004,45380
US1ILCP0001,16580
US1ILCP0012,16580
US1ILCP0021,16580
US1ILCP0027,16580
US1ILCP0037,16580
US1ILCP0049,16580
US1ILCP0058,16580
US1ILCP0059,16580
US1ILCP0072,16580
US1ILCP0081,16580
US1ILCP0092,16580
US1ILCP0095,16580
US1ILCP0111,16580
US1ILDK0005,16980
US1ILDK0006,16980
US1ILDK0024,16980
US1ILDP0016,16980
US1ILDP0027,16980
US1ILDP0032,16980
US1ILDP0040,16980
US1ILDP0042,16980
US1ILDP0079,16980
US1ILDP0085,16980
US1ILDP0087,16980
US1ILDP0101,16980
US1ILDP0102,16980
US1ILDP0109,16980
US1ILDP0118,16980
US1ILDP0127,16980
US1ILDP0132,16980
US1ILEF0006,20820
US1ILEF0010,20820
US1ILFD0009,16580
US1ILGY0001,16980
US1ILGY0004,16980
US1ILGY0010,16980
US1ILGY0020,16980
US1ILHY0005,19340
US1ILHY0006,19340
US1ILJF0008,34500
US1ILJF0009,34500
US1ILJK0014,16060
US1ILKD0024,16980
US1ILKD0034,16980
US1ILKK0039,28100
US1ILKN0005,16980
US1ILKN0009,16980
US1ILKN0023,16980
US1ILKN0033,16980
US1ILKN0062,16980
US1ILKN0064,16980
US1ILKN0067,16980
US1ILKN0095,16980
US1ILKN0104,16980
US1ILKN0118,16980
US1ILKX0009,23660
US1ILLE0005,19940
US1ILLG0004,30660
US1ILLG0009,30660
US1ILLK0009,16980
US1ILLK0013,16980
US1ILLK0016,16980
US1ILLK0022,16980
US1ILLK0042,16980
US1ILLK0069,16980
US1ILLS0001,36837
US1ILLS0017,36837
US1ILLS0034,36837
US1ILLS0045,36837
US1ILLS0050,36837
US1ILLS0052,36837
US1ILLV0006,38700
US1ILMC0001,37140
US1ILMCD007,31380
US1ILMCH013,16980
US1ILMCH043,16980
US1ILMCH049,16980
US1ILMCL002,14010
US1ILMCL004,14010
US1ILMCL007,14010
US1ILMCL017,14010
US1ILMCL038,14010
US1ILMD0010,41180
US1ILMD0028,41180
US1ILMG0006,27300
US1ILMP0004,41180
US1ILMP0010,41180
US1ILPR0004,37900
US1ILPR0008,37900
US1ILPR0009,37900
US1ILPR0014,37900
US1ILPT0006,16580
US1ILPT0013,16580
US1ILRI0003,19340
US1ILSC0003,41180
US1ILSC0009,41180
US1ILSC0011,41180
US1ILSC0016,41180
US1ILSC0026,41180
US1ILSG0004,44100
US1ILSG0011,44100
US1ILSG0045,44100
US1ILSP0006,23300
US1ILSP0008,23300
US1ILTZ0001,37900
US1ILTZ0010,37900
US1ILTZ0023,37900
US1ILTZ0026,37900
US1ILVR0004,19180
US1ILVR0014,19180
US1ILVR0016,19180
US1ILVR0017,19180
US1ILVR0020,19180
US1ILWD0005,44580
US1ILWD0008,44580
US1ILWF0014,37900
US1ILWL0023,16980
US1ILWL0025,16980
US1ILWL0026,16980
US1ILWL0046,16980
US1ILWL0051,16980
US1ILWL0063,16980
US1ILWL0080,16980
US1ILWL0092,16980
US1ILWL0096,16980
US1ILWL0097,16980
US1ILWL0099,16980
US1ILWL0100,16980
US1ILWL0131,16980
US1ILWM0004,32060
US1ILWM0012,32060
US1ILWN0008,40420
US1ILWN0010,40420
US1ILWN0026,40420
US1INAL0001,23060
US1INAL0005,23060
US1INAL0039,23060
US1INAL0060,23060
US1INBN0001,26900
US1INBN0010,26900
US1INBN0017,26900
US1INBN0053,26900
US1INBR0005,26900
US1INBW0010,18020
US1INCK0006,31140
US1INCK0018,31140
US1INCK0023,31140
US1INCL0014,23140
US1INCR0009,29200
US1INCY0004,45460
US1INCY0005,45460
US1INDB0001,27540
US1INDB0006,27540
US1INDK0005,12140
US1INDL0001,34620
US1INDL0012,34620
US1INDR0003,17140
US1INDR0007,17140
US1INDV0001,47780
US1INEL0003,21140
US1INEL0008,21140
US1INEL0036,21140
US1INEL0039,21140
US1INEL0048,21140
US1INFD0022,31140
US1INGR0012,31980
US1INHM0005,26900
US1INHM0019,26900
US1INHM0029,26900
US1INHM0064,26900
US1INHN0003,26900
US1INHN0011,26900
US1INHR0005,31140
US1INHR0012,31140
US1INHR0017,31140
US1INHS0004,26900
US1INHS0008,26900
US1INHS0021,26900
US1INHS0033,26900
US1INHT0001,26540
US1INHY0001,35220
US1INHY0016,35220
US1INJF0001,31500
US1INJH0012,26900
US1INJH0022,26900
US1INJS0007,16980
US1INJS0016,16980
US1INJS0031,16980
US1INJS0032,16980
US1INJS0037,16980
US1INJS0049,16980
US1INJS0073,16980
US1INKS0007,47700
US1INKS0032,47700
US1INKS0041,47700
US1INKS0042,47700
US1INLK0015,16980
US1INLK0024,16980
US1INLK0046,16980
US1INLK0047,16980
US1INLK0063,16980
US1INLK0099,16980
US1INLP0007,33140
US1INLP0028,33140
US1INLP0045,33140
US1INLW0008,13260
US1INLW0009,13260
US1INMD0025,26900
US1INMG0014,26900
US1INMG0018,26900
US1INMG0021,26900
US1INML0006,38500
US1INMM0004,37940
US1INMN0007,14020
US1INMN0023,14020
US1INMR0002,26900
US1INMR0013,26900
US1INMR0052,26900
US1INMR0063,26900
US1INMR0072,26900
US1INNB0011,28340
US1INNW0001,16980
US1INNW0003,16980
US1INOH0001,17140
US1INOW0006,14020
US1INOW0009,14020
US1INPS0001,21780
US1INPT0003,16980
US1INPT0012,16980
US1INPT0069,16980
US1INPT0092,16980
US1INPT0098,16980
US1INPT0117,16980
US1INSJ0017,43780
US1INSJ0028,43780
US1INSJ0034,43780
US1INSJ0058,43780
US1INSN0007,11420
US1INSN0009,11420
US1INTP0009,29200
US1INTP0022,29200
US1INTP0028,29200
US1INVN0009,21780
US1INWK0005,21780
US1INWK0012,21780
US1INWK0014,21780
US1INWL0011,23060
US1INWS0008,31140
US1INWY0017,23060
US1KSBU0005,48620
US1KSBU0014,48620
US1KSBU0017,48620
US1KSBU0024,48620
US1KSBU0025,48620
US1KSBU0026,48620
US1KSBU0031,48620
US1KSCL0018,11680
US1KSCL0019,11680
US1KSCL0028,11680
US1KSCR0001,38260
US1KSCR0003,38260
US1KSCR0010,38260
US1KSDG0003,29940
US1KSDG0013,29940
US1KSDG0015,29940
US1KSDP0013,41140
US1KSEL0001,25700
US1KSEL0006,25700
US1KSEL0014,25700
US1KSEL0015,25700
US1KSEL0024,25700
US1KSEL0030,25700
US1KSEL0037,25700
US1KSEL0043,25700
US1KSEL0055,25700
US1KSEL0062,25700
US1KSEL0064,25700
US1KSEL0074,25700
US1KSFI0026,23780
US1KSFI0027,23780
US1KSFO0003,19980
US1KSFO0007,19980
US1KSFO0010,19980
US1KSFO0013,19980
US1KSFO0015,19980
US1KSFO0018,19980
US1KSFO0023,19980
US1KSFO0033,19980
US1KSFO0050,19980
US1KSFO0059,19980
US1KSFR0003,36840
US1KSFR0022,36840
US1KSHV0005,48620
US1KSHV0026,48620
US1KSJA0001,45820
US1KSJF0003,45820
US1KSJO0006,28140
US1KSJO0040,28140
US1KSJO0053,28140
US1KSLY0002,21380
US1KSLY0005,21380
US1KSMP0002,32700
US1KSMP0005,32700
US1KSMP0009,32700
US1KSMP0026,32700
US1KSOS0004,45820
US1KSOS0005,45820
US1KSOS0006,45820
US1KSOS0007,45820
US1KSOS0011,45820
US1KSOS0019,45820
US1KSOT0002,41460
US1KSPT0001,31740
US1KSPT0006,31740
US1KSPT0011,31740
US1KSPT0019,31740
US1KSPT0021,31740
US1KSRL0006,31740
US1KSRL0008,31740
US1KSRL0016,31740
US1KSRL0020,31740
US1KSRL0048,31740
US1KSRN0007,26740
US1KSRN0008,26740
US1KSRN0011,26740
US1KSRN0015,26740
US1KSRN0016,26740
US1KSRN0019,26740
US1KSRN0025,26740
US1KSRN0030,26740
US1KSRN0037,26740
US1KSRN0042,26740
US1KSRN0052,26740
US1KSRN0055,26740
US1KSRN0062,26740
US1KSSA0006,41460
US1KSSA0011,41460
US1KSSA0013,41460
US1KSSA0014,41460
US1KSSG0002,48620
US1KSSG0003,48620
US1KSSG0010,48620
US1KSSG0020,48620
US1KSSG0027,48620
US1KSSG0052,48620
US1KSSG0065,48620
US1KSSG0069,48620
US1KSSG0071,48620
US1KSSG0076,48620
US1KSSG0085,48620
US1KSSG0095,48620
US1KSSG0097,48620
US1KSSG0116,48620
US1KSSG0123,48620
US1KSSG0124,48620
US1KSSG0126,48620
US1KSSG0129,48620
US1KSSN0005,45820
US1KSSN0016,45820
US1KSSU0008,48620
US1KSSW0002,30580
US1KSWB0005,45820
US1KYAL0004,14540
US1KYAL0014,14540
US1KYAL0017,14540
US1KYAN0003,23180
US1KYBA0003,37140
US1KYBT0001,31140
US1KYDV0003,36980
US1KYFR0001,23180
US1KYFR0006,23180
US1KYFR0008,23180
US1KYHD0005,21060
US1KYHP0001,31580
US1KYHS0001,25775
US1KYHY0006,31140
US1KYHY0010,31140
US1KYJF0001,31140
US1KYJF0002,31140
US1KYJF0010,31140
US1KYJF0029,31140
US1KYJF0032,31140
US1KYJF0041,31140
US1KYMD0002,31140
US1KYMM0003,34460
US1KYNL0004,31140
US1KYOL0001,31140
US1KYOL0006,31140
US1KYSC0001,30460
US1KYWF0003,30460
US1KYWF0006,30460
US1KYWR0015,14540
US1KYWR0017,14540
US1LAAS0005,12940
US1LABG0002,19760
US1LACC0003,29340
US1LACC0006,29340
US1LACC0009,29340
US1LACD0001,43340
US1LACD0004,43340
US1LACD0019,43340
US1LAEB0002,12940
US1LAEB0022,12940
US1LAEB0023,12940
US1LAEB0027,12940
US1LAEB0031,12940
US1LAEB0033,12940
US1LAJD0002,29340
US1LALN0003,40820
US1LALV0002,12940
US1LALY0007,29180
US1LAOC0001,33740
US1LAOC0004,33740
US1LAOC0016,33740
US1LARP0007,10780
US1LASL0001,36660
US1LASM0002,29180
US1LAST0008,43640
US1LAST0010,43640
US1LAST0017,43640
US1LAST0020,43640
US1LATG0010,25220
US1LAVM0002,29180
US1LAWF0004,12940
US1LAWR0004,33380
US1MABA0001,12700
US1MABA0002,12700
US1MABA0003,12700
US1MABA0018,12700
US1MABA0019,12700
US1MABA0027,12700
US1MABA0030,12700
US1MABA0047,12700
US1MABA0051,12700
US1MABA0052,12700
US1MABA0059,12700
US1MABA0078,12700
US1MABE0003,38340
US1MABE0004,38340
US1MABR0002,39300
US1MABR0008,39300
US1MABR0009,39300
US1MABR0014,39300
US1MABR0016,39300
US1MADK0002,47240
US1MADK0005,47240
US1MAES0002,14460
US1MAES0008,14460
US1MAES0012,14460
US1MAES0020,14460
US1MAES0024,14460
US1MAES0041,14460
US1MAES0048,14460
US1MAFR0010,24640
US1MAFR0013,24640
US1MAFR0017,24640
US1MAHD0013,44140
US1MAHD0025,44140
US1MAHS0002,11200
US1MAMD0007,14460
US1MAMD0011,14460
US1MAMD0012,14460
US1MAMD0042,14460
US1MAMD0045,14460
US1MAMD0051,14460
US1MAMD0085,14460
US1MAMD0106,14460
US1MANF0001,14460
US1MANF0011,14460
US1MAPL0002,14460
US1MAPL0005,14460
US1MAPL0031,14460
US1MAPL0036,14460
US1MASF0010,14460
US1MAWR0001,49340
US1MAWR0028,49340
US1MAWR0040,49340
US1MAWR0041,49340
US1MAWR0043,49340
US1MAWR0044,49340
US1MAWR0056,49340
US1MDAA0001,12580
US1MDAA0004,12580
US1MDAA0010,12580
US1MDAA0039,12580
US1MDAA0065,12580
US1MDAL0002,19060
US1MDBC0001,12580
US1MDBC0003,12580
US1MDBL0009,12580
US1MDBL0013,12580
US1MDBL0016,12580
US1MDBL0028,12580
US1MDBL0035,12580
US1MDBL0038,12580
US1MDBL0039,12580
US1MDCC0015,37980
US1MDCC0016,37980
US1MDCH0011,47900
US1MDCH0035,47900
US1MDCR0005,12580
US1MDCR0007,12580
US1MDCR0019,12580
US1MDCR0021,12580
US1MDCV0017,30500
US1MDDR0007,15700
US1MDFR0004,47900
US1MDFR0020,47900
US1MDFR0030,47900
US1MDHR0004,12580
US1MDHR0006,12580
US1MDHR0023,12580
US1MDHW0002,12580
US1MDHW0003,12580
US1MDHW0007,12580
US1MDHW0018,12580
US1MDHW0021,12580
US1MDHW0023,12580
US1MDMG0003,47900
US1MDMG0005,47900
US1MDMG0008,47900
US1MDMG0029,47900
US1MDMG0040,47900
US1MDMG0042,47900
US1MDMG0054,47900
US1MDMG0055,47900
US1MDMG0065,47900
US1MDMG0106,47900
US1MDMG0111,47900
US1MDMG0114,47900
US1MDMG0115,47900
US1MDMG0118,47900
US1MDPG0037,47900
US1MDPG0043,47900
US1MDSM0001,30500
US1MDSM0008,30500
US1MDSS0001,41540
US1MDSS0004,41540
US1MDTB0004,20660
US1MDTB0005,20660
US1MDWC0004,41540
US1MDWC0009,41540
US1MDWH0003,25180
US1MDWR0004,36180
US1MDWR0014,36180
US1MECM0003,38860
US1MECM0015,38860
US1MECM0018,38860
US1MECM0098,38860
US1MEPN0010,12620
US1MEYK0002,38860
US1MEYK0025,38860
US1MEYK0028,38860
US1MEYK0067,38860
US1MIAP0001,10980
US1MIAP0002,10980
US1MIBN0002,35660
US1MIBN0003,35660
US1MIBN0004,35660
US1MIBZ0001,45900
US1MICS0005,43780
US1MICT0001,29620
US1MICT0002,29620
US1MIGT0021,45900
US1MIHG0006,26340
US1MIHL0001,25880
US1MIHL0004,25880
US1MIIH0032,29620
US1MIIH0034,29620
US1MIIN0001,24340
US1MIIS0005,34380
US1MIJC0011,27100
US1MIKN0014,24340
US1MIKN0048,24340
US1MIKN0053,24340
US1MILL0001,45900
US1MILV0026,19820
US1MIMB0007,19820
US1MIMB0009,19820
US1MIMB0033,19820
US1MIMB0054,19820
US1MIME0010,13660
US1MIMK0001,15620
US1MIMM0001,31940
US1MIMQ0018,32100
US1MIMQ0019,32100
US1MIMR0004,33780
US1MIMT0008,24340
US1MIOK0035,19820
US1MIOK0087,19820
US1MIOK0094,19820
US1MIOW0002,24340
US1MIOW0025,24340
US1MIOW0044,24340
US1MISC0003,19820
US1MIWS0003,11460
US1MIWS0007,11460
US1MIWS0011,11460
US1MIWS0031,11460
US1MIWS0042,11460
US1MIWY0043,19820
US1MNAA0004,33460
US1MNBK0006,19810
US1MNBM0011,13420
US1MNBU0023,31860
US1MNBW0001,35580
US1MNBW0002,35580
US1MNBW0008,35580
US1MNCG0001,33460
US1MNCG0007,33460
US1MNCV0022,33460
US1MNCV0028,33460
US1MNCW0008,14660
US1MNDD0003,40340
US1MNDD0011,40340
US1MNDK0011,33460
US1MNDK0014,33460
US1MNDS0006,10820
US1MNGH0003,39860
US1MNGH0004,39860
US1MNGH0021,39860
US1MNHN0014,33460
US1MNHN0072,33460
US1MNHN0078,33460
US1MNHN0088,33460
US1MNHN0110,33460
US1MNHN0128,33460
US1MNHN0150,33460
US1MNHN0181,33460
US1MNIT0001,24330
US1MNKD0001,48820
US1MNMC0005,26780
US1MNMC0006,26780
US1MNMC0007,26780
US1MNMC0012,26780
US1MNML0001,33460
US1MNMT0006,21860
US1MNNC0003,31860
US1MNOL0018,40340
US1MNOT0003,22260
US1MNOT0006,22260
US1MNOT0009,22260
US1MNPK0002,24220
US1MNRC0001,22060
US1MNRC0011,22060
US1MNRM0002,33460
US1MNRM0015,33460
US1MNSC0002,33460
US1MNSE0002,36940
US1MNSE0003,36940
US1MNSH0010,33460
US1MNSL0005,20260
US1MNSL0015,20260
US1MNSL0082,20260
US1MNSL0108,20260
US1MNSR0009,41060
US1MNWG0035,33460
US1MNWR0008,33460
US1MNWR0025,33460
US1MOAW0007,41140
US1MOBC0004,41140
US1MOBN0001,17860
US1MOBN0002,17860
US1MOBN0007,17860
US1MOBN0012,17860
US1MOBN0018,17860
US1MOBN0020,17860
US1MOBN0032,17860
US1MOBN0042,17860
US1MOBN0050,17860
US1MOBN0063,17860
US1MOBN0068,17860
US1MOBN0070,17860
US1MOBS0001,28140
US1MOBS0004,28140
US1MOCE0007,27620
US1MOCP0007,17860
US1MOCR0013,44180
US1MOCR0020,44180
US1MOCS0012,28140
US1MOCW0009,27620
US1MOCW0012,27620
US1MOCY0002,28140
US1MOCY0016,28140
US1MOCY0019,28140
US1MODK0001,41140
US1MODK0003,41140
US1MODL0021,44180
US1MOFR0003,41180
US1MOFR0007,41180
US1MOFR0015,41180
US1MOFR0017,41180
US1MOFR0027,41180
US1MOFSA001,28860
US1MOFSA003,41140
US1MOFSA007,33020
US1MOFSA013,28140
US1MOFSA017,16020
US1MOFSA019,17860
US1MOFSA021,41140
US1MOFSA023,38740
US1MOFSA025,28140
US1MOFSA027,27620
US1MOFSA031,16020
US1MOFSA037,28140
US1MOFSA047,28140
US1MOFSA049,28140
US1MOFSA051,27620
US1MOFSA053,17860
US1MOFSA059,44180
US1MOFSA063,41140
US1MOFSA069,28380
US1MOFSA071,41180
US1MOFSA077,44180
US1MOFSA089,17860
US1MOFSA091,48460
US1MOFSA095,28140
US1MOFSA097,27900
US1MOFSA099,41180
US1MOFSA101,47660
US1MOFSA105,30060
US1MOFSA107,28140
US1MOFSA111,39500
US1MOFSA113,41180
US1MOFSA127,25300
US1MOFSA133,43460
US1MOFSA135,27620
US1MOFSA145,27900
US1MOFSA147,32340
US1MOFSA151,27620
US1MOFSA159,42740
US1MOFSA161,40620
US1MOFSA165,28140
US1MOFSA167,44180
US1MOFSA169,22780
US1MOFSA173,25300
US1MOFSA175,33620
US1MOFSA177,28140
US1MOFSA183,41180
US1MOFSA187,22100
US1MOFSA189,41180
US1MOFSA195,32180
US1MOFSA197,28860
US1MOFSA201,43460
US1MOFSA219,41180
US1MOFSA225,44180
US1MOGR0027,44180
US1MOGR0038,44180
US1MOGR0048,44180
US1MOGR0052,44180
US1MOGR0074,44180
US1MOGR0081,44180
US1MOHL0041,48460
US1MOJF0018,41180
US1MOJH0001,47660
US1MOLD0021,30060
US1MOMA0005,25300
US1MOND0002,32340
US1MONW0004,27900
US1MONW0019,27900
US1MOPH0013,40620
US1MOPH0017,40620
US1MOPH0030,40620
US1MOPH0044,40620
US1MOPL0008,44180
US1MOPL0013,44180
US1MOPL0014,44180
US1MOPL0019,44180
US1MOPS0002,42740
US1MOPS0007,42740
US1MOPT0007,28140
US1MOPU0014,22780
US1MORN0004,33620
US1MOSC0005,43460
US1MOSF0007,22100
US1MOSL0018,41180
US1MOSL0024,41180
US1MOSL0027,41180
US1MOSL0039,41180
US1MOSLC007,41180
US1MOSN0002,32180
US1MOTY0001,14700
US1MOTY0012,14700
US1MOWB0005,44180
US1MOWB0007,44180
US1MOWB0013,44180
US1MOWB0030,44180
US1MOWB0031,44180
US1MSCH0003,17260
US1MSCP0003,27140
US1MSCR0001,24900
US1MSGD0003,24980
US1MSGD0009,24980
US1MSHC0005,25060
US1MSHC0009,25060
US1MSHC0013,25060
US1MSHD0018,27140
US1MSHD0025,27140
US1MSHR0019,25060
US1MSHR0034,25060
US1MSHR0037,25060
US1MSJC0002,25060
US1MSJC0008,25060
US1MSJC0012,25060
US1MSLD0001,32940
US1MSLD0006,32940
US1MSLD0008,32940
US1MSLD0009,32940
US1MSLD0013,32940
US1MSLW0002,18060
US1MSLW0005,18060
US1MSMD0001,27140
US1MSMD0007,27140
US1MSMD0008,27140
US1MSOK0006,44260
US1MSPK0002,32620
US1MSPR0001,38100
US1MSPR0004,38100
US1MSPR0008,38100
US1MSRN0002,27140
US1MSRN0003,27140
US1MSRN0007,27140
US1MSRN0028,27140
US1MSRN0043,27140
US1MSSP0001,27140
US1MSST0003,25060
US1MSTT0001,32820
US1MSWR0001,46980
US1MSWR0002,46980
US1MSWR0007,46980
US1MSWR0008,46980
US1MSWS0001,24740
US1MTCB0005,13740
US1MTCB0008,13740
US1MTCB0009,13740
US1MTCB0012,13740
US1MTFH0002,28060
US1MTFH0016,28060
US1MTFH0017,28060
US1MTGN0011,14580
US1MTLC0004,25740
US1MTLC0014,25740
US1MTMS0009,33540
US1MTMS0012,33540
US1MTMS0014,33540
US1MTMS0016,33540
US1MTMS0023,33540
US1MTSW0002,13740
US1MTSW0005,13740
US1MTSW0010,13740
US1MTSW0012,13740
US1MTYS0005,13740
US1MTYS0012,13740
US1MTYS0014,13740
US1NCAL0014,15500
US1NCBC0001,11700
US1NCBC0004,11700
US1NCBC0005,11700
US1NCBC0014,11700
US1NCBC0028,11700
US1NCBC0035,11700
US1NCBC0041,11700
US1NCBC0051,11700
US1NCBC0064,11700
US1NCBC0110,11700
US1NCBC0144,11700
US1NCBK0002,25860
US1NCBK0004,25860
US1NCBR0001,48900
US1NCBR0002,48900
US1NCBR0013,48900
US1NCBR0035,48900
US1NCBR0045,48900
US1NCBR0071,48900
US1NCCA0004,47260
US1NCCB0008,16740
US1NCCD0014,25860
US1NCCH0004,20500
US1NCCH0016,20500
US1NCCH0017,20500
US1NCCM0006,22180
US1NCCM0058,22180
US1NCCM0086,22180
US1NCCN0009,35100
US1NCCN0020,35100
US1NCCN0061,35100
US1NCCN0067,35100
US1NCCR0001,33980
US1NCCR0009,33980
US1NCCR0012,33980
US1NCCR0016,33980
US1NCCR0020,33980
US1NCCR0045,33980
US1NCCR0073,33980
US1NCCR0074,33980
US1NCCR0098,33980
US1NCCV0026,43140
US1NCDH0006,20500
US1NCDH0022,20500
US1NCDH0034,20500
US1NCDH0048,20500
US1NCDR0051,28620
US1NCDS0007,49180
US1NCDS0013,49180
US1NCDV0001,49180
US1NCDV0002,49180
US1NCDV0006,49180
US1NCED0011,40580
US1NCFK0020,39580
US1NCFR0004,49180
US1NCFR0007,49180
US1NCFR0022,49180
US1NCFR0034,49180
US1NCGL0008,24660
US1NCGL0013,24660
US1NCGL0016,24660
US1NCGL0041,24660
US1NCGS0006,16740
US1NCGS0009,16740
US1NCGS0021,16740
US1NCGS0044,16740
US1NCHN0002,11700
US1NCHN0004,11700
US1NCHN0012,11700
US1NCHN0014,11700
US1NCHN0015,11700
US1NCHN0019,11700
US1NCHN0025,11700
US1NCHN0028,11700
US1NCHR0002,11360
US1NCHR0007,11360
US1NCHW0002,48200
US1NCHW0004,48200
US1NCHW0017,48200
US1NCHW0025,48200
US1NCHW0035,48200
US1NCHW0039,48200
US1NCHW0048,48200
US1NCIR0005,16740
US1NCIR0017,16740
US1NCJH0007,39580
US1NCJH0014,39580
US1NCJH0015,39580
US1NCJH0020,39580
US1NCJH0022,39580
US1NCJH0046,39580
US1NCJH0080,39580
US1NCLE0003,41820
US1NCLN0004,16740
US1NCLR0004,28820
US1NCLR0007,28820
US1NCLR0010,28820
US1NCLR0023,28820
US1NCMD0009,32000
US1NCMD0010,32000
US1NCMK0092,16740
US1NCMR0009,38240
US1NCMS0012,11700
US1NCMS0016,11700
US1NCMS0018,11700
US1NCMS0020,11700
US1NCNS0002,40580
US1NCON0004,27340
US1NCON0020,27340
US1NCON0045,27340
US1NCON0086,27340
US1NCOR0002,20500
US1NCOR0006,20500
US1NCOR0044,20500
US1NCOR0045,20500
US1NCPD0017,48900
US1NCPD0022,48900
US1NCPD0028,48900
US1NCPM0010,35100
US1NCPM0021,35100
US1NCPT0007,24780
US1NCPT0008,24780
US1NCPT0010,24780
US1NCPT0088,24780
US1NCRB0007,31300
US1NCRG0012,24660
US1NCRT0006,22580
US1NCRW0002,16740
US1NCRW0016,16740
US1NCSN0002,10620
US1NCSN0006,10620
US1NCSR0002,34340
US1NCSR0004,34340
US1NCTR0001,14820
US1NCTR0008,14820
US1NCUN0001,16740
US1NCUN0009,16740
US1NCUN0010,16740
US1NCVN0005,25780
US1NCWK0002,39580
US1NCWK0003,39580
US1NCWK0004,39580
US1NCWK0006,39580
US1NCWK0013,39580
US1NCWK0020,39580
US1NCWK0022,39580
US1NCWK0027,39580
US1NCWK0061,39580
US1NCWK0065,39580
US1NCWK0084,39580
US1NCWK0106,39580
US1NCWK0119,39580
US1NCWK0203,39580
US1NCWK0214,39580
US1NCWK0255,39580
US1NCWL0010,35900
US1NCWN0006,48980
US1NCWT0010,14380
US1NCWT0011,14380
US1NCWY0001,24140
US1NCWY0002,24140
US1NCYD0003,49180
US1NCYD0004,49180
US1NDBH0034,13900
US1NDCS0001,22020
US1NDCS0004,22020
US1NDCS0015,22020
US1NDGF0013,24220
US1NDRC0008,47420
US1NDSK0012,19860
US1NEAD0002,25580
US1NEAD0007,25580
US1NEAD0010,25580
US1NEBF0001,28260
US1NEBF0006,28260
US1NEDD0003,23340
US1NELA0001,30700
US1NELA0019,30700
US1NELC0002,35820
US1NESN0001,36540
US1NESN0003,36540
US1NESY0008,36540
US1NESY0011,36540
US1NHBK0002,29060
US1NHBK0009,29060
US1NHBK0010,29060
US1NHBK0012,29060
US1NHCH0002,28300
US1NHCH0020,28300
US1NHGR0001,30150
US1NHHL0048,31700
US1NHMR0004,18180
US1NHMR0006,18180
US1NHMR0011,18180
US1NHMR0015,18180
US1NHMR0025,18180
US1NHMR0026,18180
US1NHMR0041,18180
US1NHMR0043,18180
US1NHMR0051,18180
US1NHRC0017,14460
US1NHRC0018,14460
US1NHRC0048,14460
US1NHSL0003,30150
US1NHST0031,14460
US1NJAT0001,12100
US1NJAT0011,12100
US1NJAT0013,12100
US1NJAT0022,12100
US1NJBG0003,35620
US1NJBG0017,35620
US1NJBG0018,35620
US1NJBT0003,37980
US1NJBT0004,37980
US1NJBT0005,37980
US1NJBT0006,37980
US1NJBT0032,37980
US1NJCD0001,47220
US1NJCM0002,12100
US1NJCM0007,12100
US1NJCM0012,12100
US1NJCM0017,12100
US1NJCM0029,12100
US1NJCN0005,37980
US1NJES0018,35620
US1NJES0024,35620
US1NJGL0001,37980
US1NJGL0006,37980
US1NJGL0012,37980
US1NJHN0001,35620
US1NJHN0003,35620
US1NJHN0007,35620
US1NJHN0012,35620
US1NJHN0015,35620
US1NJHN0018,35620
US1NJHN0019,35620
US1NJHN0021,35620
US1NJHN0031,35620
US1NJMC0001,45940
US1NJMC0002,45940
US1NJMC0009,45940
US1NJMC0011,45940
US1NJMC0017,45940
US1NJMC0027,45940
US1NJMC0038,45940
US1NJMC0044,45940
US1NJMC0049,45940
US1NJMD0043,35620
US1NJMD0045,35620
US1NJMD0062,35620
US1NJMD0063,35620
US1NJMD0069,35620
US1NJMN0010,35620
US1NJMN0017,35620
US1NJMN0048,35620
US1NJMN0064,35620
US1NJMS0006,35620
US1NJMS0018,35620
US1NJMS0023,35620
US1NJMS0049,35620
US1NJMS0059,35620
US1NJMS0061,35620
US1NJMS0071,35620
US1NJMS0082,35620
US1NJMS0087,35620
US1NJMS0094,35620
US1NJOC0006,35620
US1NJOC0013,35620
US1NJOC0017,35620
US1NJOC0056,35620
US1NJPS0012,35620
US1NJPS0014,35620
US1NJPS0022,35620
US1NJSL0002,37980
US1NJSL0003,37980
US1NJSM0002,35620
US1NJSM0004,35620
US1NJSM0005,35620
US1NJSM0011,35620
US1NJSM0012,35620
US1NJSM0026,35620
US1NJSM0039,35620
US1NJSM0064,35620
US1NJSM0065,35620
US1NJSM0068,35620
US1NJSS0001,35620
US1NJSS0007,35620
US1NJUN0010,35620
US1NJWR0001,10900
US1NJWR0005,10900
US1NJWR0008,10900
US1NJWR0023,10900
US1NJWR0033,10900
US1NJWR0034,10900
US1NJWR0037,10900
US1NMBR0004,10740
US1NMBR0007,10740
US1NMBR0008,10740
US1NMBR0012,10740
US1NMBR0015,10740
US1NMBR0017,10740
US1NMBR0032,10740
US1NMBR0034,10740
US1NMBR0036,10740
US1NMBR0037,10740
US1NMBR0040,10740
US1NMBR0046,10740
US1NMBR0066,10740
US1NMBR0072,10740
US1NMBR0082,10740
US1NMBR0122,10740
US1NMBR0127,10740
US1NMBR0128,10740
US1NMBR0139,10740
US1NMBR0148,10740
US1NMBR0149,10740
US1NMBR0165,10740
US1NMBR0166,10740
US1NMBR0168,10740
US1NMBR0183,10740
US1NMBR0189,10740
US1NMBR0193,10740
US1NMBR0200,10740
US1NMBR0205,10740
US1NMBR0220,10740
US1NMBR0239,10740
US1NMBR0258,10740
US1NMBR0270,10740
US1NMBR0273,10740
US1NMBR0284,10740
US1NMCH0005,40740
US1NMCH0011,40740
US1NMCH0023,40740
US1NMCR0021,17580
US1NMCR0029,17580
US1NMDA0011,29740
US1NMDA0024,29740
US1NMDA0035,29740
US1NMDA0040,29740
US1NMDA0041,29740
US1NMDA0045,29740
US1NMDA0046,29740
US1NMDA0050,29740
US1NMDA0069,29740
US1NMDA0070,29740
US1NMDA0081,29740
US1NMDA0090,29740
US1NMDA0092,29740
US1NMDA0107,29740
US1NMDA0116,29740
US1NMDA0117,29740
US1NMDA0125,29740
US1NMDA0138,29740
US1NMDA0144,29740
US1NMDA0170,29740
US1NMDA0173,29740
US1NMDA0195,29740
US1NMDA0215,29740
US1NMDA0216,29740
US1NMDA0217,29740
US1NMDA0222,29740
US1NMDA0223,29740
US1NMDA0227,29740
US1NMDA0238,29740
US1NMDA0243,29740
US1NMDA0245,29740
US1NMDA0247,29740
US1NMDA0251,29740
US1NMDA0259,29740
US1NMDA0261,29740
US1NMDA0264,29740
US1NMDA0265,29740
US1NMDA0282,29740
US1NMDA0286,29740
US1NMDA0307,29740
US1NMDA0309,29740
US1NMDA0312,29740
US1NMDA0320,29740
US1NMDA0321,29740
US1NMDA0329,29740
US1NMDA0343,29740
US1NMDA0347,29740
US1NMDA0352,29740
US1NMDA0355,29740
US1NMED0002,16100
US1NMED0011,16100
US1NMED0023,16100
US1NMGR0001,43500
US1NMGR0004,43500
US1NMGR0006,43500
US1NMGR0009,43500
US1NMGR0027,43500
US1NMGR0028,43500
US1NMGR0030,43500
US1NMGR0031,43500
US1NMGR0033,43500
US1NMLA0007,31060
US1NMLA0010,31060
US1NMLE0003,26020
US1NMLE0026,26020
US1NMLN0006,40760
US1NMLN0013,40760
US1NMLN0014,40760
US1NMLN0019,40760
US1NMLN0020,40760
US1NMLU0001,19700
US1NMLU0002,19700
US1NMLU0037,19700
US1NMLU0043,19700
US1NMLU0049,19700
US1NMLU0051,19700
US1NMLU0057,19700
US1NMLU0058,19700
US1NMLU0065,19700
US1NMLU0067,19700
US1NMLU0073,19700
US1NMMK0006,23700
US1NMOT0001,10460
US1NMOT0008,10460
US1NMOT0013,10460
US1NMOT0027,10460
US1NMOT0037,10460
US1NMOT0042,10460
US1NMOT0044,10460
US1NMOT0046,10460
US1NMOT0051,10460
US1NMOT0056,10460
US1NMOT0081,10460
US1NMRA0001,21580
US1NMRA0007,21580
US1NMRA0011,42140
US1NMRA0014,21580
US1NMRA0022,21580
US1NMRA0023,21580
US1NMRA0028,21580
US1NMRA0040,21580
US1NMRV0010,17580
US1NMRV0022,17580
US1NMRV0026,17580
US1NMSF0001,42140
US1NMSF0013,42140
US1NMSF0020,42140
US1NMSF0026,42140
US1NMSF0031,42140
US1NMSF0032,42140
US1NMSF0044,42140
US1NMSF0051,42140
US1NMSF0052,42140
US1NMSF0055,42140
US1NMSF0070,42140
US1NMSF0073,42140
US1NMSF0079,42140
US1NMSF0102,42140
US1NMSJ0010,22140
US1NMSJ0019,22140
US1NMSJ0032,22140
US1NMSJ0036,22140
US1NMSM0025,29780
US1NMSM0026,29780
US1NMSN0039,10740
US1NMSN0043,10740
US1NMSN0045,10740
US1NMSN0052,10740
US1NMSN0054,10740
US1NMSN0062,10740
US1NMSN0066,10740
US1NMSN0069,10740
US1NMSN0076,10740
US1NMSN0079,10740
US1NMSN0082,10740
US1NMSN0089,10740
US1NMSN0091,10740
US1NMTR0001,10740
US1NMTR0005,10740
US1NMTR0016,10740
US1NMTS0001,45340
US1NMTS0024,45340
US1NMVL0021,10740
US1NMVL0026,10740
US1NMVL0037,10740
US1NVCC0014,16180
US1NVCC0021,16180
US1NVCK0002,29820
US1NVCK0007,29820
US1NVCK0017,29820
US1NVCK0018,29820
US1NVCK0029,29820
US1NVCK0039,29820
US1NVCK0041,29820
US1NVCK0064,29820
US1NVCK0065,29820
US1NVCK0076,29820
US1NVCK0077,29820
US1NVDG0002,23820
US1NVDG0004,23820
US1NVLY0014,39900
US1NVLY0023,39900
US1NVWH0002,39900
US1NVWH0011,39900
US1NVWH0019,39900
US1NVWH0025,39900
US1NVWH0031,39900
US1NVWH0079,39900
US1NVWH0100,39900
US1NVWH0115,39900
US1NVWH0142,39900
US1NVWH0144,39900
US1NYAB0001,10580
US1NYAB0021,10580
US1NYAB0023,10580
US1NYAB0032,10580
US1NYBM0001,13780
US1NYBM0004,13780
US1NYBM0007,13780
US1NYBM0021,13780
US1NYBM0024,13780
US1NYCB0001,26460
US1NYCL0007,38460
US1NYCM0003,21300
US1NYCM0021,21300
US1NYCM0024,21300
US1NYCR0003,18660
US1NYCR0005,18660
US1NYCY0002,12180
US1NYCY0008,12180
US1NYCY0026,12180
US1NYDT0005,28880
US1NYDT0008,28880
US1NYDT0010,28880
US1NYDT0012,28880
US1NYDT0029,28880
US1NYDT0032,28880
US1NYER0039,15380
US1NYER0050,15380
US1NYER0053,15380
US1NYER0057,15380
US1NYER0059,15380
US1NYER0060,15380
US1NYER0063,15380
US1NYER0075,15380
US1NYER0077,15380
US1NYER0102,15380
US1NYGN0006,12860
US1NYHR0012,46540
US1NYMD0009,45060
US1NYMD0010,45060
US1NYMD0016,45060
US1NYMD0022,45060
US1NYMG0001,11220
US1NYMG0002,11220
US1NYMR0015,40380
US1NYNG0002,15380
US1NYNS0042,35620
US1NYOD0002,46540
US1NYOD0007,46540
US1NYOD0019,46540
US1NYOD0023,46540
US1NYOD0043,46540
US1NYOG0002,45060
US1NYOG0046,45060
US1NYOR0004,28880
US1NYOS0015,45060
US1NYOS0020,45060
US1NYOT0011,36580
US1NYPT0002,35620
US1NYRL0005,35620
US1NYRN0001,10580
US1NYSC0017,10580
US1NYSF0002,35620
US1NYSF0016,35620
US1NYSF0077,35620
US1NYSF0092,35620
US1NYSF0103,35620
US1NYSF0114,35620
US1NYSL0006,32390
US1NYSL0010,32390
US1NYSR0004,10580
US1NYSR0006,10580
US1NYST0003,18500
US1NYST0004,18500
US1NYST0010,18500
US1NYST0030,18500
US1NYSV0008,33910
US1NYTG0008,13780
US1NYTG0015,13780
US1NYTG0020,13780
US1NYTM0004,27060
US1NYTM0005,27060
US1NYTM0017,27060
US1NYTM0018,27060
US1NYTM0023,27060
US1NYTM0027,27060
US1NYWC0006,35620
US1NYWC0011,35620
US1NYWC0018,35620
US1NYWC0022,35620
US1NYWN0006,40380
US1NYWN0010,40380
US1OHAL0005,30620
US1OHAS0002,11740
US1OHAS0005,11740
US1OHAT0003,11900
US1OHAT0005,11900
US1OHAT0016,11900
US1OHBR0008,17140
US1OHBT0001,17140
US1OHCB0008,41400
US1OHCC0001,18740
US1OHCM0007,17140
US1OHCN0010,48940
US1OHCN0014,48940
US1OHCN0015,48940
US1OHCW0003,15340
US1OHCY0016,17410
US1OHCY0024,17410
US1OHCY0039,17410
US1OHDL0010,18140
US1OHDL0012,18140
US1OHDR0001,24820
US1OHDR0007,24820
US1OHDR0017,24820
US1OHER0008,41780
US1OHER0011,41780
US1OHER0014,41780
US1OHER0018,41780
US1OHFF0005,18140
US1OHFR0002,18140
US1OHFR0003,18140
US1OHFR0008,18140
US1OHFR0023,18140
US1OHGG0004,17410
US1OHGG0007,17410
US1OHGR0013,19430
US1OHHM0013,17140
US1OHHM0023,17140
US1OHHM0024,17140
US1OHHM0031,17140
US1OHHR0002,35940
US1OHKN0004,34540
US1OHLC0001,18140
US1OHLC0010,18140
US1OHLK0009,17410
US1OHLR0002,17410
US1OHLR0008,17410
US1OHLS0001,45780
US1OHLS0022,45780
US1OHLS0023,45780
US1OHMC0007,16380
US1OHMD0001,17410
US1OHMD0002,17410
US1OHMD0010,17410
US1OHMH0010,49660
US1OHMH0011,49660
US1OHMM0001,19430
US1OHMY0005,19430
US1OHMY0017,19430
US1OHMY0018,19430
US1OHMY0034,19430
US1OHMY0039,19430
US1OHOT0002,41780
US1OHOT0004,41780
US1OHPT0008,10420
US1OHPT0009,10420
US1OHPT0012,10420
US1OHPT0017,10420
US1OHRC0007,31900
US1OHRC0009,31900
US1OHSC0004,39020
US1OHSD0002,23380
US1OHSH0004,43380
US1OHSH0010,43380
US1OHSH0011,43380
US1OHSH0013,43380
US1OHSH0014,43380
US1OHSH0015,43380
US1OHSH0020,43380
US1OHSM0005,10420
US1OHSM0022,10420
US1OHSN0003,45660
US1OHTR0004,49660
US1OHTS0001,35420
US1OHTS0008,35420
US1OHUN0004,18140
US1OHWD0012,45780
US1OHWD0014,45780
US1OHWD0019,45780
US1OHWR0010,17140
US1OHWR0014,17140
US1OKBC0005,21120
US1OKCC0009,30020
US1OKCC0010,30020
US1OKCN0001,36420
US1OKCN0034,36420
US1OKCV0004,36420
US1OKCV0012,36420
US1OKCV0032,36420
US1OKCV0045,36420
US1OKCV0050,36420
US1OKCV0052,36420
US1OKCV0053,36420
US1OKCV0079,36420
US1OKCV0084,36420
US1OKCV0091,36420
US1OKCV0092,36420
US1OKCV0112,36420
US1OKCV0114,36420
US1OKCV0126,36420
US1OKGD0007,21420
US1OKJC0003,11060
US1OKJC0010,11060
US1OKKY0007,38620
US1OKLG0006,36420
US1OKLG0014,36420
US1OKLN0005,36420
US1OKLN0008,36420
US1OKMC0005,36420
US1OKMC0011,36420
US1OKMC0013,36420
US1OKOK0029,36420
US1OKOK0071,36420
US1OKOS0004,46140
US1OKPG0007,32540
US1OKPN0005,10220
US1OKPN0006,10220
US1OKPN0013,10220
US1OKPY0009,44660
US1OKPY0016,44660
US1OKPY0019,44660
US1OKRG0005,46140
US1OKRG0011,46140
US1OKSQ0001,22900
US1OKSQ0003,22900
US1OKTL0014,46140
US1OKTL0028,46140
US1OKTL0029,46140
US1OKTL0030,46140
US1OKTL0034,46140
US1OKTL0035,46140
US1OKTL0039,46140
US1OKTL0042,46140
US1OKTL0048,46140
US1OKTL0049,46140
US1OKTL0053,46140
US1OKWH0003,48220
US1OKWS0004,12780
US1OKWW0004,49260
US1OKWW0007,49260
US1ORBK0008,12520
US1ORBN0007,18700
US1ORBN0013,18700
US1ORBN0028,18700
US1ORBN0030,18700
US1ORBN0032,18700
US1ORBN0033,18700
US1ORBN0036,18700
US1ORBN0040,18700
US1ORBN0041,18700
US1ORBN0053,18700
US1ORBN0084,18700
US1ORBN0085,18700
US1ORBN0101,18700
US1ORBN0108,18700
US1ORBN0113,18700
US1ORCB0009,38900
US1ORCB0018,38900
US1ORCB0029,38900
US1ORCB0031,38900
US1ORCC0003,38900
US1ORCC0008,38900
US1ORCC0019,38900
US1ORCC0066,38900
US1ORCC0067,38900
US1ORCC0076,38900
US1ORCC0081,38900
US1ORCC0088,38900
US1ORCK0001,13460
US1ORCK0005,13460
US1ORCS0007,18300
US1ORCS0011,18300
US1ORCS0014,18300
US1ORCY0001,15060
US1ORCY0004,15060
US1ORCY0015,15060
US1ORCY0016,15060
US1ORDG0010,40700
US1ORDG0012,40700
US1ORDG0022,40700
US1ORDG0026,40700
US1ORDG0027,40700
US1ORDG0033,40700
US1ORDG0047,40700
US1ORDG0049,40700
US1ORDS0001,13460
US1ORDS0017,13460
US1ORDS0035,13460
US1ORDS0039,13460
US1ORDS0047,13460
US1ORDS0048,13460
US1ORHR0005,26220
US1ORHR0007,26220
US1ORJC0008,32780
US1ORJC0011,32780
US1ORJC0018,32780
US1ORJC0027,32780
US1ORJC0029,32780
US1ORJC0051,32780
US1ORJC0060,32780
US1ORJC0085,32780
US1ORJC0086,32780
US1ORJC0087,32780
US1ORJC0089,32780
US1ORJF0001,13460
US1ORJS0001,24420
US1ORJS0010,24420
US1ORJS0016,24420
US1ORJS0017,24420
US1ORJS0024,24420
US1ORKL0005,28900
US1ORKL0014,28900
US1ORKL0016,28900
US1ORKL0018,28900
US1ORLA0003,21660
US1ORLA0007,21660
US1ORLA0017,21660
US1ORLA0019,21660
US1ORLA0024,21660
US1ORLA0026,21660
US1ORLA0036,21660
US1ORLA0038,21660
US1ORLA0051,21660
US1ORLA0054,21660
US1ORLA0065,21660
US1ORLA0068,21660
US1ORLA0072,21660
US1ORLA0076,21660
US1ORLA0093,21660
US1ORLA0114,21660
US1ORLA0122,21660
US1ORLA0129,21660
US1ORLA0130,21660
US1ORLA0167,21660
US1ORLA0191,21660
US1ORLC0001,35440
US1ORLN0001,10540
US1ORLN0003,10540
US1ORLN0005,10540
US1ORLN0006,10540
US1ORLN0008,10540
US1ORLN0012,10540
US1ORLN0016,10540
US1ORLN0020,10540
US1ORLN0042,10540
US1ORLN0044,10540
US1ORLN0047,10540
US1ORLN0054,10540
US1ORLN0058,10540
US1ORLN0062,10540
US1ORLN0070,10540
US1ORMN0008,41420
US1ORMN0009,41420
US1ORMN0012,41420
US1ORMN0016,41420
US1ORMN0026,41420
US1ORMN0037,41420
US1ORMN0050,41420
US1ORMN0060,41420
US1ORMT0006,38900
US1ORMT0016,38900
US1ORMT0020,38900
US1ORMT0024,38900
US1ORMT0033,38900
US1ORMT0082,38900
US1ORPK0020,41420
US1ORPK0021,41420
US1ORPK0031,41420
US1ORPK0033,41420
US1ORUM0011,25840
US1ORUN0001,29260
US1ORWS0005,38900
US1ORWS0007,38900
US1ORWS0031,38900
US1ORWS0081,38900
US1ORWS0124,38900
US1ORYM0001,38900
US1ORYM0004,38900
US1ORYM0008,38900
US1ORYM0013,38900
US1ORYM0017,38900
US1PAAD0002,23900
US1PAAD0003,23900
US1PAAD0006,23900
US1PAAD0008,23900
US1PAAD0011,23900
US1PAAD0012,23900
US1PAAD0024,23900
US1PAAD0030,23900
US1PAAD0043,23900
US1PAAD0045,23900
US1PAAD0047,23900
US1PAAD0054,23900
US1PAAD0063,23900
US1PAAL0001,38300
US1PAAR0008,38300
US1PABK0005,37980
US1PABK0015,37980
US1PABK0035,37980
US1PABR0002,39740
US1PABR0007,39740
US1PABR0008,39740
US1PABR0012,39740
US1PABR0016,39740
US1PABR0025,39740
US1PABR0029,39740
US1PABT0006,38300
US1PABT0015,38300
US1PACB0012,10900
US1PACB0018,10900
US1PACD0006,25420
US1PACD0011,25420
US1PACH0009,37980
US1PACH0011,37980
US1PACH0014,37980
US1PACH0023,37980
US1PACH0027,37980
US1PACM0004,27780
US1PACN0003,44300
US1PACN0005,44300
US1PACN0010,44300
US1PACN0018,44300
US1PACW0002,32740
US1PAEL0001,41260
US1PAER0005,21500
US1PAFY0002,38300
US1PAFY0009,38300
US1PALH0005,10900
US1PALN0003,29540
US1PALN0007,29540
US1PALY0002,48700
US1PALZ0006,42540
US1PALZ0024,42540
US1PAMT0006,37980
US1PAMT0007,37980
US1PAMT0016,37980
US1PAMT0020,37980
US1PAMT0048,37980
US1PAMT0067,37980
US1PAMT0085,37980
US1PAMT0087,37980
US1PAMT0094,37980
US1PANH0008,10900
US1PAPH0002,37980
US1PAPH0004,37980
US1PAPH0006,37980
US1PAPK0022,25770
US1PAVN0011,36340
US1PAWN0004,42540
US1PAWT0022,38300
US1PAYR0002,49620
US1PAYR0017,49620
US1PAYR0020,49620
US1RIKN0002,39300
US1RINW0004,39300
US1RINW0005,39300
US1RINW0007,39300
US1RINW0016,39300
US1RINW0020,39300
US1RIPR0028,39300
US1RIPR0033,39300
US1RIPR0051,39300
US1RIWS0036,39300
US1RIWS0042,39300
US1SCAB0016,24940
US1SCAK0014,12260
US1SCAK0027,12260
US1SCAK0032,12260
US1SCAK0053,12260
US1SCAK0069,12260
US1SCAK0073,12260
US1SCAN0004,24860
US1SCAN0021,24860
US1SCAN0023,24860
US1SCAN0046,24860
US1SCBF0002,25940
US1SCBF0023,25940
US1SCBF0052,25940
US1SCBK0065,16700
US1SCCA0017,17900
US1SCCR0010,16700
US1SCCR0013,16700
US1SCCR0032,16700
US1SCCR0033,16700
US1SCCR0034,16700
US1SCCR0042,16700
US1SCCR0049,16700
US1SCCR0074,16700
US1SCCR0077,16700
US1SCCR0088,16700
US1SCCR0097,16700
US1SCCR0099,16700
US1SCCR0105,16700
US1SCCR0123,16700
US1SCCR0138,16700
US1SCCS0001,16740
US1SCDC0003,16700
US1SCDC0018,16700
US1SCDC0042,16700
US1SCED0002,12260
US1SCFL0006,22500
US1SCGT0004,34680
US1SCGT0009,34680
US1SCGV0001,24860
US1SCGV0007,24860
US1SCGV0013,24860
US1SCGV0020,24860
US1SCGV0026,24860
US1SCGV0028,24860
US1SCGV0035,24860
US1SCGV0074,24860
US1SCGV0078,24860
US1SCGW0016,24940
US1SCHR0014,34820
US1SCHR0033,34820
US1SCHR0039,34820
US1SCHR0046,34820
US1SCHR0061,34820
US1SCHR0063,34820
US1SCHR0066,34820
US1SCHR0073,34820
US1SCHR0075,34820
US1SCJS0003,25940
US1SCJS0009,25940
US1SCLN0004,16740
US1SCLR0006,24860
US1SCLX0005,17900
US1SCLX0022,17900
US1SCLX0035,17900
US1SCLX0093,17900
US1SCLX0098,17900
US1SCLX0106,17900
US1SCLX0107,17900
US1SCLX0122,17900
US1SCNW0011,35140
US1SCOC0020,42860
US1SCOC0032,42860
US1SCOR0011,36700
US1SCOR0017,36700
US1SCOR0025,36700
US1SCPC0001,24860
US1SCPC0005,24860
US1SCPC0015,24860
US1SCPC0018,24860
US1SCPC0022,24860
US1SCRC0004,17900
US1SCRC0005,17900
US1SCRC0012,17900
US1SCRC0030,17900
US1SCRC0040,17900
US1SCRC0042,17900
US1SCRC0061,17900
US1SCRC0062,17900
US1SCRC0093,17900
US1SCSL0002,17900
US1SCSL0006,17900
US1SCSL0009,17900
US1SCSL0010,17900
US1SCSM0010,44940
US1SCSP0011,43900
US1SCSP0023,43900
US1SCSP0028,43900
US1SCSP0040,43900
US1SCSP0053,43900
US1SCSP0066,43900
US1SCYR0003,16740
US1SCYR0006,16740
US1SCYR0009,16740
US1SCYR0013,16740
US1SCYR0021,16740
US1SCYR0026,16740
US1SDBD0007,26700
US1SDBD0009,26700
US1SDBK0002,15100
US1SDBK0007,15100
US1SDBK0009,15100
US1SDBK0037,15100
US1SDBK0043,15100
US1SDBR0001,10100
US1SDBR0011,10100
US1SDBR0038,10100
US1SDCS0001,39660
US1SDCS0017,39660
US1SDCS0022,39660
US1SDHG0010,38180
US1SDLW0001,43940
US1SDLW0015,43940
US1SDMC0001,43620
US1SDMD0001,39660
US1SDMD0009,39660
US1SDMH0001,43620
US1SDMH0008,43620
US1SDMH0020,43620
US1SDMH0056,43620
US1SDMH0071,43620
US1SDMH0078,43620
US1SDMH0091,43620
US1SDPN0001,39660
US1SDPN0002,39660
US1SDPN0004,39660
US1SDPN0019,39660
US1SDPN0038,39660
US1SDPN0040,39660
US1SDPN0063,39660
US1SDST0006,38180
US1SDTR0009,43620
US1TNAN0003,28940
US1TNAN0008,28940
US1TNAN0009,28940
US1TNBF0005,43180
US1TNBF0014,43180
US1TNBF0017,43180
US1TNBF0023,43180
US1TNBR0004,17420
US1TNBT0008,28940
US1TNBT0026,28940
US1TNBT0029,28940
US1TNCF0014,46100
US1TNCF0027,46100
US1TNCF0032,46100
US1TNCH0002,34980
US1TNCM0004,18900
US1TNCM0005,18900
US1TNCM0009,18900
US1TNCM0032,18900
US1TNCS0003,27180
US1TNCT0002,27740
US1TNDC0001,34980
US1TNDC0003,34980
US1TNDC0009,34980
US1TNDC0015,34980
US1TNDC0024,34980
US1TNDV0007,34980
US1TNDV0041,34980
US1TNDV0047,34980
US1TNDV0067,34980
US1TNDV0076,34980
US1TNDV0079,34980
US1TNDV0111,34980
US1TNDV0117,34980
US1TNDV0163,34980
US1TNDY0001,20540
US1TNFK0003,49010
US1TNFK0006,49010
US1TNFK0015,49010
US1TNFY0005,32820
US1TNGN0001,24620
US1TNGN0004,24620
US1TNGN0008,24620
US1TNGN0009,24620
US1TNHB0004,34100
US1TNHK0004,28700
US1TNHL0014,16860
US1TNHL0022,16860
US1TNHL0023,16860
US1TNHL0031,16860
US1TNHM0002,34980
US1TNHM0006,34980
US1TNHM0009,34980
US1TNJF0004,34100
US1TNKX0005,28940
US1TNKX0011,28940
US1TNKX0034,28940
US1TNLC0002,22190
US1TNLC0003,22190
US1TNLC0006,22190
US1TNLC0009,22190
US1TNLC0012,22190
US1TNLC0018,22190
US1TNLC0019,22190
US1TNLR0007,29980
US1TNLR0009,29980
US1TNLR0010,29980
US1TNMA0004,16860
US1TNMA0008,16860
US1TNMD0005,27180
US1TNMD0010,27180
US1TNMD0015,27180
US1TNMD0016,27180
US1TNMD0021,27180
US1TNMG0001,28940
US1TNML0004,30280
US1TNML0006,30280
US1TNML0010,30280
US1TNML0013,30280
US1TNMM0006,11940
US1TNMS0001,11940
US1TNMT0026,17300
US1TNMT0061,17300
US1TNMT0063,17300
US1TNMT0073,17300
US1TNMT0079,17300
US1TNMY0008,34980
US1TNOV0004,18260
US1TNOV0008,18260
US1TNPM0018,18260
US1TNPM0031,18260
US1TNRB0001,34980
US1TNRB0016,34980
US1TNRD0001,34980
US1TNRD0008,34980
US1TNRD0012,34980
US1TNRD0055,34980
US1TNRD0099,34980
US1TNRN0004,28940
US1TNRN0006,28940
US1TNSH0020,32820
US1TNSH0027,32820
US1TNSH0032,32820
US1TNSM0001,34980
US1TNSM0005,34980
US1TNSM0011,34980
US1TNSQ0001,16860
US1TNSQ0007,16860
US1TNSR0011,34980
US1TNSR0023,34980
US1TNST0002,17300
US1TNST0010,17300
US1TNTP0003,32820
US1TNUN0003,28940
US1TNWL0002,34980
US1TNWL0010,34980
US1TNWL0018,34980
US1TNWL0038,34980
US1TNWL0039,34980
US1TNWL0041,34980
US1TNWL0075,34980
US1TNWL0077,34980
US1TNWN0010,34980
US1TNWN0012,34980
US1TNWN0014,34980
US1TNWN0019,34980
US1TNWN0036,34980
US1TNWN0042,34980
US1TNWN0048,34980
US1TNWN0090,34980
US1TNWN0093,34980
US1TNWR0004,32660
US1TNWR0010,32660
US1TNWS0001,27740
US1TNWS0012,27740
US1TNWS0016,27740
US1TNWT0006,18260
US1TNWT0012,18260
US1TNWT0014,18260
US1TNWT0018,18260
US1TXAG0001,31260
US1TXAG0002,31260
US1TXAG0003,31260
US1TXAR0006,18580
US1TXAS0004,26420
US1TXAS0005,26420
US1TXAS0006,26420
US1TXAS0007,26420
US1TXAT0001,41700
US1TXAT0021,41700
US1TXAT0026,41700
US1TXBEE018,13300
US1TXBEL001,28660
US1TXBEL008,28660
US1TXBEL009,28660
US1TXBEL010,28660
US1TXBEL025,28660
US1TXBEL043,28660
US1TXBEL045,28660
US1TXBEL057,28660
US1TXBEL059,28660
US1TXBND022,41700
US1TXBND029,41700
US1TXBRK003,10860
US1TXBRN002,15220
US1TXBRZ020,26420
US1TXBRZ021,26420
US1TXBRZ032,26420
US1TXBST002,12420
US1TXBST035,12420
US1TXBST049,12420
US1TXBST051,12420
US1TXBST061,12420
US1TXBST068,12420
US1TXBST072,12420
US1TXBST090,12420
US1TXBST095,12420
US1TXBST107,12420
US1TXBST110,12420
US1TXBST123,12420
US1TXBWE001,45500
US1TXBWE005,45500
US1TXBXR011,41700
US1TXBXR027,41700
US1TXBXR028,41700
US1TXBXR048,41700
US1TXBXR058,41700
US1TXBXR065,41700
US1TXBXR095,41700
US1TXBXR129,41700
US1TXBXR133,41700
US1TXBXR134,41700
US1TXBXR135,41700
US1TXBXR138,41700
US1TXBXR163,41700
US1TXBXR168,41700
US1TXBXR180,41700
US1TXBXR184,41700
US1TXBXR192,41700
US1TXBXR215,41700
US1TXBXR253,41700
US1TXBXR269,41700
US1TXBXR298,41700
US1TXBXR300,41700
US1TXBXR304,41700
US1TXBXR310,41700
US1TXBXR313,41700
US1TXBXR336,41700
US1TXBZS107,17780
US1TXCHK001,27380
US1TXCLD001,12420
US1TXCLD015,12420
US1TXCLD032,12420
US1TXCLD043,12420
US1TXCLL008,19100
US1TXCLL023,19100
US1TXCLL026,19100
US1TXCLL030,19100
US1TXCLL033,19100
US1TXCLL044,19100
US1TXCLL045,19100
US1TXCLL057,19100
US1TXCLL060,19100
US1TXCLN001,10180
US1TXCML003,41700
US1TXCML008,41700
US1TXCML009,41700
US1TXCML011,41700
US1TXCML012,41700
US1TXCML024,41700
US1TXCML029,41700
US1TXCML035,41700
US1TXCML037,41700
US1TXCML040,41700
US1TXCML041,41700
US1TXCML048,41700
US1TXCML051,41700
US1TXCML061,41700
US1TXCML095,41700
US1TXCML112,41700
US1TXCML126,41700
US1TXCML128,41700
US1TXCML134,41700
US1TXCML135,41700
US1TXCML146,41700
US1TXCML176,41700
US1TXCML189,41700
US1TXCML198,41700
US1TXCMR001,15180
US1TXCMR008,15180
US1TXCMR016,15180
US1TXCMR021,15180
US1TXCMR085,15180
US1TXCMR093,15180
US1TXCMR094,15180
US1TXCMR100,15180
US1TXCMR101,15180
US1TXCRL003,28660
US1TXCRL004,28660
US1TXCRL006,28660
US1TXDA0003,19100
US1TXDA0004,19100
US1TXDA0016,19100
US1TXDA0050,19100
US1TXDA0053,19100
US1TXDA0063,19100
US1TXDA0065,19100
US1TXDA0069,19100
US1TXDA0070,19100
US1TXDA0080,19100
US1TXDN0001,19100
US1TXDN0003,19100
US1TXDN0008,19100
US1TXDN0015,19100
US1TXDN0021,19100
US1TXDN0032,19100
US1TXDN0039,19100
US1TXDS0004,25820
US1TXDS0005,25820
US1TXEC0002,36220
US1TXEL0007,19100
US1TXEL0010,19100
US1TXEL0018,19100
US1TXEL0025,19100
US1TXEL0037,19100
US1TXEL0041,19100
US1TXEP0016,21340
US1TXEP0017,21340
US1TXEP0047,21340
US1TXEP0049,21340
US1TXEP0051,21340
US1TXEP0059,21340
US1TXEP0070,21340
US1TXEP0074,21340
US1TXEP0075,21340
US1TXEP0078,21340
US1TXEP0079,21340
US1TXEP0080,21340
US1TXEP0111,21340
US1TXER0004,44500
US1TXFB0005,26420
US1TXFB0018,26420
US1TXFN0002,14300
US1TXFN0005,14300
US1TXGA0005,43300
US1TXGA0007,43300
US1TXGA0010,43300
US1TXGA0016,43300
US1TXGA0019,43300
US1TXGA0020,43300
US1TXGA0026,43300
US1TXGD0003,47020
US1TXGD0004,47020
US1TXGD0008,47020
US1TXGD0012,47020
US1TXGD0016,47020
US1TXGD0022,47020
US1TXGD0024,47020
US1TXGD0025,47020
US1TXGD0027,47020
US1TXGG0005,30980
US1TXGP0014,41700
US1TXGP0029,41700
US1TXGP0034,41700
US1TXGP0062,41700
US1TXGP0064,41700
US1TXGR0002,31180
US1TXGS0012,23240
US1TXGS0015,23240
US1TXGS0018,23240
US1TXGS0025,23240
US1TXGS0028,23240
US1TXGS0033,23240
US1TXGS0037,23240
US1TXGS0046,23240
US1TXGS0055,23240
US1TXGV0005,26420
US1TXGV0009,26420
US1TXGV0022,26420
US1TXGV0034,26420
US1TXGV0049,26420
US1TXGV0051,26420
US1TXGV0076,26420
US1TXHCK003,31180
US1TXHDD002,24180
US1TXHDL021,32580
US1TXHDL041,32580
US1TXHDS004,21340
US1TXHDS009,21340
US1TXHDS025,21340
US1TXHND005,11980
US1TXHPK001,44860
US1TXHPK005,44860
US1TXHRN005,13140
US1TXHRR015,26420
US1TXHRR027,26420
US1TXHRR028,26420
US1TXHRR043,26420
US1TXHRR058,26420
US1TXHRR093,26420
US1TXHRR119,26420
US1TXHRR122,26420
US1TXHRR124,26420
US1TXHRR168,26420
US1TXHRR176,26420
US1TXHRR203,26420
US1TXHRR209,26420
US1TXHRR228,26420
US1TXHRR232,26420
US1TXHRS002,30980
US1TXHRS004,30980
US1TXHRS012,30980
US1TXHYS001,12420
US1TXHYS007,12420
US1TXHYS017,12420
US1TXHYS019,12420
US1TXHYS021,12420
US1TXHYS028,12420
US1TXHYS039,12420
US1TXHYS049,12420
US1TXHYS053,12420
US1TXHYS055,12420
US1TXHYS056,12420
US1TXHYS061,12420
US1TXHYS074,12420
US1TXHYS088,12420
US1TXHYS124,12420
US1TXHYS133,12420
US1TXHYS141,12420
US1TXHYS151,12420
US1TXHYS188,12420
US1TXJJ0009,13140
US1TXJN0019,19100
US1TXJO0004,10180
US1TXJO0006,10180
US1TXJW0003,10860
US1TXJW0006,10860
US1TXKF0010,19100
US1TXKL0002,28780
US1TXKN0002,41700
US1TXKN0004,41700
US1TXKN0005,41700
US1TXKN0007,41700
US1TXKN0008,41700
US1TXKN0010,41700
US1TXKN0012,41700
US1TXKN0015,41700
US1TXKN0018,41700
US1TXKN0022,41700
US1TXKN0027,41700
US1TXKN0028,41700
US1TXKN0042,41700
US1TXKN0066,41700
US1TXKR0020,28500
US1TXKR0030,28500
US1TXKR0052,28500
US1TXKR0065,28500
US1TXKR0079,28500
US1TXLK0001,31180
US1TXLK0007,31180
US1TXLK0014,31180
US1TXLK0021,31180
US1TXLK0048,31180
US1TXLK0059,31180
US1TXLK0074,31180
US1TXLK0077,31180
US1TXLR0013,26420
US1TXLR0015,26420
US1TXMCL010,47380
US1TXMCL012,47380
US1TXMCL014,47380
US1TXMDL006,33260
US1TXMDL018,33260
US1TXMDL025,33260
US1TXMDN002,41700
US1TXMDN018,41700
US1TXMDN021,41700
US1TXMDN022,41700
US1TXMDN027,41700
US1TXMDN031,41700
US1TXMDN041,41700
US1TXMDN044,41700
US1TXMDN045,41700
US1TXMDN067,41700
US1TXMNG014,26420
US1TXMNG020,26420
US1TXMNG021,26420
US1TXMNG030,26420
US1TXMNG031,26420
US1TXNC0005,34860
US1TXNC0007,34860
US1TXNU0007,18580
US1TXNU0012,18580
US1TXNU0015,18580
US1TXNU0061,18580
US1TXNV0003,18620
US1TXNV0004,18620
US1TXOR0001,13140
US1TXPP0002,33420
US1TXPR0005,19100
US1TXRS0008,30980
US1TXSM0016,46340
US1TXSM0025,46340
US1TXST0002,40100
US1TXTG0005,41660
US1TXTG0016,41660
US1TXTG0031,41660
US1TXTG0034,41660
US1TXTG0047,41660
US1TXTG0053,41660
US1TXTG0061,41660
US1TXTG0063,41660
US1TXTN0027,19100
US1TXTN0039,19100
US1TXTN0040,19100
US1TXTN0055,19100
US1TXTN0057,19100
US1TXTN0061,19100
US1TXTN0062,19100
US1TXTN0074,19100
US1TXTN0079,19100
US1TXTN0085,19100
US1TXTN0094,19100
US1TXTN0102,19100
US1TXTN0106,19100
US1TXTN0124,19100
US1TXTN0140,19100
US1TXTV0021,12420
US1TXTV0034,12420
US1TXTV0035,12420
US1TXTV0049,12420
US1TXTV0065,12420
US1TXTV0087,12420
US1TXTV0090,12420
US1TXTV0096,12420
US1TXTV0113,12420
US1TXTV0122,12420
US1TXTV0135,12420
US1TXTV0163,12420
US1TXTV0164,12420
US1TXTV0228,12420
US1TXTV0267,12420
US1TXTV0271,12420
US1TXTY0005,10180
US1TXTY0007,10180
US1TXTY0013,10180
US1TXTY0022,10180
US1TXUP0008,30980
US1TXVC0004,47020
US1TXVC0020,47020
US1TXVC0021,47020
US1TXVC0034,47020
US1TXVC0037,47020
US1TXVC0044,47020
US1TXVV0003,19620
US1TXVV0009,19620
US1TXVV0014,19620
US1TXWA0001,14780
US1TXWA0006,14780
US1TXWA0009,14780
US1TXWA0014,14780
US1TXWA0015,14780
US1TXWA0017,14780
US1TXWA0028,14780
US1TXWB0009,29700
US1TXWH0001,20900
US1TXWH0002,20900
US1TXWH0004,20900
US1TXWH0009,20900
US1TXWK0003,26660
US1TXWK0005,26660
US1TXWK0013,26660
US1TXWM0001,12420
US1TXWM0013,12420
US1TXWM0022,12420
US1TXWM0035,12420
US1TXWM0044,12420
US1TXWM0048,12420
US1TXWM0058,12420
US1TXWM0068,12420
US1TXWM0074,12420
US1TXWM0081,12420
US1TXWM0119,12420
US1TXWM0135,12420
US1TXWM0148,12420
US1TXWM0156,12420
US1TXWM0162,12420
US1TXWM0183,12420
US1TXWM0185,12420
US1TXWM0195,12420
US1TXWM0222,12420
US1TXWM0235,12420
US1TXWO0005,41700
US1TXWO0010,41700
US1TXWO0053,41700
US1TXWO0054,41700
US1TXWO0055,41700
US1TXWS0015,19100
US1UTBE0002,14940
US1UTBE0006,14940
US1UTBE0008,14940
US1UTBE0010,14940
US1UTBE0014,14940
US1UTCH0002,30860
US1UTCH0004,30860
US1UTCH0025,30860
US1UTCR0002,39220
US1UTDV0001,36260
US1UTDV0009,36260
US1UTDV0024,36260
US1UTIR0005,16260
US1UTSL0018,41620
US1UTSL0025,41620
US1UTSL0027,41620
US1UTSL0035,41620
US1UTSL0060,41620
US1UTSL0079,41620
US1UTSL0083,41620
US1UTSL0086,41620
US1UTSL0096,41620
US1UTSL0104,41620
US1UTTL0008,41620
US1UTUN0011,46860
US1UTUN0014,46860
US1UTUT0019,39340
US1UTUT0024,39340
US1UTWB0001,36260
US1UTWB0003,36260
US1UTWG0003,41100
US1UTWG0009,41100
US1UTWG0015,41100
US1UTWS0006,25720
US1UTWS0008,25720
US1VAAB0012,16820
US1VAAC0008,36180
US1VAAH0004,31340
US1VABT0002,40220
US1VACK0002,47900
US1VACM0003,31340
US1VACP0002,47900
US1VACS0020,40060
US1VACS0045,40060
US1VAFD0001,49020
US1VAFD0003,49020
US1VAFL0002,13980
US1VAFL0009,13980
US1VAFQ0001,47900
US1VAFQ0004,47900
US1VAFQ0013,47900
US1VAFR0004,40220
US1VAFR0006,40220
US1VAFR0024,40220
US1VAFX0001,47900
US1VAFX0033,47900
US1VAFX0041,47900
US1VAFX0051,47900
US1VAFX0052,47900
US1VAFX0061,47900
US1VAFX0063,47900
US1VAFX0064,47900
US1VAFX0072,47900
US1VAHMC004,47260
US1VAHR0006,40060
US1VAHR0008,40060
US1VAHV0006,40060
US1VAHV0008,40060
US1VAIW0004,47260
US1VAJC0001,47260
US1VAJC0016,47260
US1VAJC0038,47260
US1VAJC0046,47260
US1VALD0013,47900
US1VAMN0006,13980
US1VAMN0009,13980
US1VAMN0021,13980
US1VAMN0025,13980
US1VAMT0001,47260
US1VANNC004,47260
US1VANRC003,47260
US1VAOR0001,29470
US1VAPC0005,40060
US1VAPL0002,13980
US1VAPQC001,47260
US1VAPRC002,47260
US1VAPW0010,47900
US1VAPW0011,47900
US1VAPW0013,47900
US1VAPW0014,47900
US1VARDC001,13980
US1VARH0004,25500
US1VARN0003,40220
US1VARN0005,40220
US1VASC0001,28700
US1VASF0005,47900
US1VASFC007,47260
US1VASP0002,47900
US1VASS0001,40060
US1VAVBC013,47260
US1VAVBC021,47260
US1VAVBC023,47260
US1VAWLC005,47260
US1VAYR0003,47260
US1VTCH0004,15540
US1VTCH0013,15540
US1VTCH0015,15540
US1VTRT0001,40860
US1VTWH0017,14710
US1VTWR0002,30150
US1VTWR0006,30150
US1VTWR0017,30150
US1VTWS0019,12740
US1VTWS0022,12740
US1WAAD0006,36830
US1WABT0010,28420
US1WABT0013,28420
US1WABT0015,28420
US1WABT0016,28420
US1WACH0022,48300
US1WACK0003,38900
US1WACK0004,38900
US1WACK0015,38900
US1WACK0017,38900
US1WACK0021,38900
US1WACK0027,38900
US1WACK0029,38900
US1WACK0038,38900
US1WACM0002,38820
US1WACM0004,38820
US1WACM0009,38820
US1WACM0019,38820
US1WACM0020,38820
US1WACM0026,38820
US1WACM0036,38820
US1WACM0064,38820
US1WACW0002,31020
US1WADG0020,48300
US1WAGH0033,10140
US1WAIS0007,36020
US1WAIS0019,36020
US1WAIS0021,36020
US1WAIS0026,36020
US1WAIS0027,36020
US1WAIS0038,36020
US1WAIS0042,36020
US1WAJF0005,39040
US1WAJF0011,39040
US1WAJF0018,39040
US1WAJF0021,39040
US1WAJF0028,39040
US1WAJF0036,39040
US1WAKG0005,42660
US1WAKG0007,42660
US1WAKG0009,42660
US1WAKG0033,42660
US1WAKG0041,42660
US1WAKG0042,42660
US1WAKG0059,42660
US1WAKG0065,42660
US1WAKG0070,42660
US1WAKG0076,42660
US1WAKG0081,42660
US1WAKG0094,42660
US1WAKG0143,42660
US1WAKG0232,42660
US1WAKG0237,42660
US1WAKP0001,14740
US1WAKP0003,14740
US1WAKP0008,14740
US1WAKP0047,14740
US1WALW0004,16500
US1WALW0015,16500
US1WAMS0011,43220
US1WAMS0012,43220
US1WAPR0006,42660
US1WAPR0031,42660
US1WAPR0033,42660
US1WAPR0057,42660
US1WASG0001,34580
US1WASG0023,34580
US1WASG0047,34580
US1WASN0011,42660
US1WASN0020,42660
US1WASN0087,42660
US1WASP0016,44060
US1WASP0024,44060
US1WAST0001,44060
US1WAST0011,44060
US1WATH0001,36500
US1WATH0008,36500
US1WATH0027,36500
US1WATH0028,36500
US1WATH0037,36500
US1WAWC0008,13380
US1WAWC0013,13380
US1WAWC0019,13380
US1WAWC0020,13380
US1WAWC0035,13380
US1WAWC0054,13380
US1WAWC0064,13380
US1WAWC0070,13380
US1WAWM0005,39420
US1WAWW0009,47460
US1WAYK0004,49420
US1WAYK0006,49420
US1WAYK0007,49420
US1WAYK0008,49420
US1WAYK0010,49420
US1WIBN0014,24580
US1WIBN0022,24580
US1WICB0004,31540
US1WIDA0003,31540
US1WIDA0013,31540
US1WIDA0039,31540
US1WIDD0003,13180
US1WIDG0015,20260
US1WIFL0004,27020
US1WIGN0005,31540
US1WIIW0003,31540
US1WIKN0006,28450
US1WIKN0011,28450
US1WILC0001,29100
US1WIMC0002,31820
US1WIMC0004,31820
US1WIMC0012,31820
US1WIMW0001,33340
US1WIMW0014,33340
US1WIMW0018,33340
US1WIMW0023,33340
US1WIOC0001,24580
US1WIOZ0012,33340
US1WIRC0003,39540
US1WISB0006,43100
US1WISB0010,43100
US1WISB0012,43100
US1WISB0019,43100
US1WISK0002,12660
US1WISW0001,43020
US1WIWK0005,33340
US1WIWK0016,33340
US1WIWK0020,33340
US1WIWK0029,33340
US1WIWK0034,33340
US1WIWN0007,36780
US1WIWN0009,36780
US1WIWS0004,33340
US1WIWS0016,33340
US1WIWW0002,48580
US1WVBY0002,25180
US1WVBY0006,25180
US1WVCB0002,26580
US1WVCB0008,26580
US1WVDD0001,17220
US1WVDD0002,17220
US1WVHM0004,49020
US1WVJF0003,47900
US1WVJF0006,47900
US1WVKN0001,16620
US1WVKN0018,16620
US1WYAB0001,29660
US1WYAB0005,29660
US1WYAB0049,29660
US1WYAB0140,29660
US1WYAB0171,29660
US1WYCM0009,23940
US1WYCM0016,23940
US1WYCM0020,23940
US1WYFM0011,40180
US1WYFM0021,40180
US1WYFM0037,40180
US1WYLM0006,16940
US1WYLM0023,16940
US1WYLM0036,16940
US1WYLM0059,16940
US1WYLM0063,16940
US1WYLM0093,16940
US1WYLM0096,16940
US1WYLM0102,16940
US1WYLM0103,16940
US1WYLM0106,16940
US1WYLM0112,16940
US1WYLM0115,16940
US1WYLM0121,16940
US1WYLM0129,16940
US1WYLM0138,16940
US1WYLM0139,16940
US1WYLM0190,16940
US1WYNT0004,16220
US1WYNT0024,16220
US1WYNT0035,16220
US1WYPK0007,17650
US1WYPK0008,17650
US1WYPK0011,17650
US1WYPK0018,17650
US1WYSH0005,43260
US1WYSH0009,43260
US1WYSH0010,43260
US1WYSH0014,43260
US1WYSH0017,43260
US1WYSH0018,43260
US1WYSH0022,43260
US1WYSH0033,43260
US1WYSW0019,40540
US1WYSW0026,40540
US1WYSW0030,40540
US1WYSW0032,40540
USC00010008,20020
USC00010160,10760
USC00010178,46220
USC00010184,46220
USC00010260,22520
USC00010390,26620
USC00010425,12220
USC00010505,46220
USC00010583,19300
USC00010655,26620
USC00010764,13820
USC00010823,13820
USC00010957,10700
USC00011099,42460
USC00011178,45980
USC00011225,13820
USC00011288,13820
USC00011324,10760
USC00011620,45180
USC00011694,13820
USC00011725,21640
USC00011803,33660
USC00012096,18980
USC00012124,10760
USC00012172,33660
USC00012209,19460
USC00012350,13820
USC00012377,20020
USC00012577,21460
USC00012675,21460
USC00012730,21640
USC00012813,19300
USC00013043,22840
USC00013154,23460
USC00013160,46220
USC00013251,20020
USC00013511,46220
USC00013573,10700
USC00013575,10700
USC00013655,18980
USC00013761,20020
USC00013781,13820
USC00013930,46220
USC00014080,17980
USC00014209,11500
USC00014226,13820
USC00014274,33860
USC00014502,29300
USC00014619,13820
USC00015121,42820
USC00015439,12220
USC00015537,13820
USC00015553,33860
USC00015635,19460
USC00015658,46220
USC00015751,22520
USC00016001,13820
USC00016121,13820
USC00016129,12220
USC00016196,26620
USC00016246,13820
USC00016478,13820
USC00016508,33860
USC00016760,13820
USC00016847,46220
USC00016988,19300
USC00017020,45180
USC00017131,40770
USC00017157,18980
USC00017207,22840
USC00017304,42460
USC00017326,17980
USC00017366,42820
USC00017999,45180
USC00018024,45180
USC00018038,33860
USC00018209,13820
USC00018323,45980
USC00018380,46220
USC00018385,46220
USC00018469,22840
USC00018648,23460
USC00018653,10760
USC00018673,46220
USC00018809,13820
USC00018859,33860
USC00020060,38060
USC00020080,46060
USC00020287,46060
USC00020288,38060
USC00020380,46060
USC00020404,38060
USC00020498,38060
USC00020586,39150
USC00020632,38060
USC00020672,29420
USC00020678,22380
USC00020683,43420
USC00020750,43320
USC00020775,43420
USC00020808,40940
USC00020871,22380
USC00020958,43420
USC00021001,22380
USC00021050,29420
USC00021231,35700
USC00021282,38060
USC00021306,38060
USC00021314,38060
USC00021330,43420
USC00021353,39150
USC00021357,46060
USC00021514,38060
USC00021614,39150
USC00021654,39150
USC00021664,43420
USC00021920,29420
USC00022109,39150
USC00022140,43420
USC00022434,49740
USC00022527,29420
USC00022659,43420
USC00022782,38060
USC00022807,38060
USC00023009,22380
USC00023027,38060
USC00023150,40940
USC00023160,22380
USC00023190,38060
USC00023393,38060
USC00023448,37740
USC00023501,37740
USC00023582,22380
USC00023584,22380
USC00023596,22380
USC00023668,46060
USC00023828,22380
USC00023961,43320
USC00024089,43320
USC00024182,38060
USC00024391,39150
USC00024453,39150
USC00024534,43420
USC00024586,43320
USC00024590,38060
USC00024675,46060
USC00024702,49740
USC00024761,29420
USC00024829,38060
USC00024849,22380
USC00024977,38060
USC00025270,38060
USC00025418,43420
USC00025426,29420
USC00025467,38060
USC00025494,22380
USC00025512,37740
USC00025635,39150
USC00025665,43320
USC00025700,38060
USC00025737,46060
USC00025780,22380
USC00025825,37740
USC00025924,35700
USC00026037,22380
USC00026117,38060
USC00026119,38060
USC00026132,46060
USC00026180,22380
USC00026194,38060
USC00026242,43420
USC00026282,35700
USC00026353,43420
USC00026468,43320
USC00026471,22380
USC00026513,38060
USC00026601,43320
USC00026603,38060
USC00026616,29420
USC00026653,37740
USC00026716,43420
USC00026796,39150
USC00026840,37740
USC00027036,46060
USC00027187,38060
USC00027281,37740
USC00027390,40940
USC00027398,46060
USC00027480,37740
USC00027530,38060
USC00027560,43420
USC00027593,46060
USC00027619,46060
USC00027622,46060
USC00027625,46060
USC00027708,22380
USC00027716,39150
USC00027855,43320
USC00027880,43420
USC00027990,35700
USC00028012,43320
USC00028112,38060
USC00028214,38060
USC00028329,22380
USC00028348,38060
USC00028396,49740
USC00028499,38060
USC00028516,29420
USC00028590,46060
USC00028598,38060
USC00028619,43420
USC00028650,37740
USC00028792,22380
USC00028795,46060
USC00028796,46060
USC00028815,46060
USC00028817,46060
USC00028865,35700
USC00028904,39150
USC00028910,22380
USC00028998,46060
USC00029114,22380
USC00029156,22380
USC00029158,39150
USC00029166,39150
USC00029287,38060
USC00029309,29420
USC00029334,43420
USC00029359,22380
USC00029376,29420
USC00029464,38060
USC00029542,22380
USC00029562,43420
USC00029634,38060
USC00029645,29420
USC00029656,49740
USC00030130,30780
USC00030150,11660
USC00030220,11660
USC00030286,45500
USC00030458,12900
USC00030460,12900
USC00030582,30780
USC00030586,22220
USC00030764,26300
USC00030798,40780
USC00030806,14180
USC00030820,31680
USC00031102,30780
USC00031140,20980
USC00031152,15780
USC00031328,40780
USC00031596,30780
USC00031750,30780
USC00031769,12900
USC00031834,40780
USC00031838,40780
USC00031900,25460
USC00031910,31680
USC00032444,22220
USC00032475,20980
USC00032544,45500
USC00032700,34260
USC00032760,42620
USC00032922,40780
USC00032930,22220
USC00032962,30780
USC00033164,25460
USC00033361,22220
USC00033466,26300
USC00033544,22220
USC00033704,26300
USC00033734,27860
USC00033821,14180
USC00033862,30780
USC00033909,22220
USC00033910,22220
USC00034010,30780
USC00034106,25460
USC00034134,30780
USC00034290,40780
USC00034528,22620
USC00034548,31620
USC00034562,31680
USC00034625,30780
USC00034839,45500
USC00034936,15780
USC00035018,22900
USC00035036,34260
USC00035160,22900
USC00035200,30780
USC00035354,22220
USC00035428,25460
USC00035498,30780
USC00035563,37500
USC00035691,30780
USC00035754,38220
USC00035770,11660
USC00035831,27860
USC00036174,38220
USC00036393,22220
USC00036506,42620
USC00036562,30780
USC00037712,32820
USC00037963,22220
USC00040010,44700
USC00040014,31080
USC00040136,41740
USC00040144,31080
USC00040176,40140
USC00040192,31080
USC00040212,34900
USC00040232,41860
USC00040235,40140
USC00040343,47300
USC00040379,23420
USC00040383,40900
USC00040436,40140
USC00040444,12540
USC00040449,23420
USC00040521,40140
USC00040673,42100
USC00040693,41860
USC00040741,40140
USC00040790,41500
USC00040798,31080
USC00040819,13860
USC00040820,13860
USC00040924,40140
USC00040931,46020
USC00040983,41740
USC00041018,46020
USC00041048,20940
USC00041149,39820
USC00041194,31080
USC00041214,39820
USC00041244,12540
USC00041253,42200
USC00041288,20940
USC00041312,34900
USC00041424,41740
USC00041534,41500
USC00041697,43760
USC00041715,17020
USC00041738,40140
USC00041758,41740
USC00041806,17340
USC00041838,42220
USC00041864,23420
USC00041878,23420
USC00041879,23420
USC00041907,39820
USC00041912,40900
USC00041916,49700
USC00041967,41860
USC00042012,25260
USC00042081,46380
USC00042090,31080
USC00042147,18860
USC00042198,31080
USC00042214,31080
USC00042239,41740
USC00042294,40900
USC00042319,13860
USC00042327,40140
USC00042346,12540
USC00042402,17020
USC00042456,49700
USC00042467,46020
USC00042504,45000
USC00042506,45000
USC00042574,39820
USC00042598,40140
USC00042706,41740
USC00042709,41740
USC00042713,20940
USC00042771,40140
USC00042805,40140
USC00042863,41740
USC00042934,46700
USC00042941,31080
USC00042964,39820
USC00043083,23420
USC00043134,40900
USC00043161,46380
USC00043191,42220
USC00043244,41860
USC00043251,23420
USC00043256,23420
USC00043261,23420
USC00043357,18860
USC00043384,40900
USC00043392,31080
USC00043402,42200
USC00043417,41940
USC00043452,31080
USC00043463,12540
USC00043491,40900
USC00043498,40140
USC00043551,47300
USC00043573,46020
USC00043578,42220
USC00043647,21700
USC00043669,43760
USC00043672,43760
USC00043710,13860
USC00043714,41860
USC00043747,25260
USC00043800,46020
USC00043824,39820
USC00043855,40140
USC00043875,42220
USC00043882,42020
USC00043896,40140
USC00043914,41740
USC00043937,40140
USC00043939,43760
USC00044025,41940
USC00044176,23420
USC00044211,40140
USC00044223,20940
USC00044232,13860
USC00044259,40140
USC00044278,12540
USC00044297,40140
USC00044303,31080
USC00044394,40140
USC00044405,40140
USC00044412,41740
USC00044422,42200
USC00044484,40900
USC00044500,41860
USC00044523,12540
USC00044534,25260
USC00044555,41500
USC00044577,18860
USC00044647,31080
USC00044671,40140
USC00044705,13860
USC00044710,41740
USC00044712,46700
USC00044713,46020
USC00044863,12540
USC00044890,47300
USC00044957,47300
USC00044997,41860
USC00045026,47300
USC00045032,44700
USC00045064,42200
USC00045091,40140
USC00045100,12540
USC00045107,42200
USC00045118,32900
USC00045119,32900
USC00045120,32900
USC00045123,41940
USC00045151,12540
USC00045233,23420
USC00045311,39820
USC00045356,23820
USC00045360,34900
USC00045378,41860
USC00045385,49700
USC00045400,43760
USC00045502,40140
USC00045532,32900
USC00045598,17340
USC00045679,39780
USC00045721,40140
USC00045756,12540
USC00045795,41500
USC00045802,41500
USC00045860,40140
USC00045866,42020
USC00045915,41860
USC00045933,41940
USC00045968,41740
USC00046006,31080
USC00046027,41860
USC00046074,34900
USC00046136,46020
USC00046144,41860
USC00046154,42200
USC00046161,31080
USC00046168,32900
USC00046174,43760
USC00046175,31080
USC00046194,49700
USC00046197,20940
USC00046252,23420
USC00046263,31080
USC00046336,41860
USC00046370,42220
USC00046377,41740
USC00046386,41740
USC00046390,20940
USC00046399,37100
USC00046498,21700
USC00046508,21700
USC00046521,17020
USC00046569,37100
USC00046572,37100
USC00046597,40900
USC00046599,41860
USC00046602,31080
USC00046610,41940
USC00046624,31080
USC00046635,40140
USC00046646,41940
USC00046657,41740
USC00046663,31080
USC00046675,41940
USC00046685,17020
USC00046699,40140
USC00046719,31080
USC00046730,42020
USC00046773,31080
USC00046826,42220
USC00046896,23420
USC00046926,41940
USC00046940,37100
USC00046943,42020
USC00046946,39820
USC00046960,40900
USC00047050,31080
USC00047077,47300
USC00047109,46380
USC00047111,41740
USC00047150,41500
USC00047228,41740
USC00047248,41740
USC00047253,12540
USC00047293,39780
USC00047298,39820
USC00047306,40140
USC00047326,31080
USC00047339,41860
USC00047370,40900
USC00047404,21700
USC00047414,41860
USC00047470,40140
USC00047473,40140
USC00047581,39820
USC00047641,46020
USC00047643,34900
USC00047668,41500
USC00047672,42020
USC00047681,42200
USC00047731,41500
USC00047741,41740
USC00047767,41860
USC00047776,31080
USC00047779,31080
USC00047785,31080
USC00047807,41860
USC00047813,40140
USC00047821,41940
USC00047846,32900
USC00047851,42020
USC00047874,41740
USC00047880,41860
USC00047888,31080
USC00047902,42200
USC00047916,42100
USC00047933,42020
USC00047953,31080
USC00047965,42220
USC00048014,31080
USC00048045,21700
USC00048122,12540
USC00048135,39820
USC00048163,21700
USC00048200,13860
USC00048273,41940
USC00048351,42220
USC00048353,43760
USC00048406,13860
USC00048407,12540
USC00048560,44700
USC00048606,49700
USC00048702,45000
USC00048752,12540
USC00048758,40900
USC00048760,40900
USC00048829,12540
USC00048839,12540
USC00048917,47300
USC00048967,31080
USC00048999,44700
USC00049001,41860
USC00049035,40140
USC00049040,46020
USC00049043,46020
USC00049063,43760
USC00049073,33700
USC00049087,31080
USC00049099,40140
USC00049111,42200
USC00049122,46380
USC00049124,46380
USC00049152,31080
USC00049185,41860
USC00049200,46700
USC00049219,46700
USC00049226,41740
USC00049285,37100
USC00049325,40140
USC00049367,47300
USC00049378,41740
USC00049390,39820
USC00049452,12540
USC00049473,42100
USC00049621,39820
USC00049660,31080
USC00049684,46380
USC00049742,40900
USC00049781,40900
USC00049785,31080
USC00049792,41860
USC00049822,40140
USC00049884,40140
USC00049888,40140
USC00050128,10480
USC00050185,14500
USC00050214,40090
USC00050263,19740
USC00050372,40090
USC00050424,39380
USC00050454,19740
USC00050754,33940
USC00050756,17820
USC00050776,10480
USC00050825,24300
USC00050839,39380
USC00050848,14500
USC00050909,14720
USC00050945,24540
USC00050950,19740
USC00051060,22660
USC00051179,19740
USC00051186,19740
USC00051294,15860
USC00051401,19740
USC00051528,19740
USC00051547,19740
USC00051609,33940
USC00051660,14720
USC00051681,19740
USC00051743,24300
USC00051772,24300
USC00051786,17820
USC00051932,44460
USC00051977,17820
USC00051996,44540
USC00052213,19740
USC00052223,19740
USC00052281,14720
USC00052286,44460
USC00052294,17820
USC00052441,20420
USC00052494,17820
USC00052631,19740
USC00052668,17820
USC00052759,22660
USC00052761,22660
USC00052790,19740
USC00052816,19740
USC00052934,22660
USC00052947,44540
USC00052965,17820
USC00053005,22660
USC00053006,22660
USC00053016,20420
USC00053038,22820
USC00053146,24300
USC00053246,24300
USC00053261,19740
USC00053307,24300
USC00053359,40090
USC00053387,19740
USC00053486,24300
USC00053489,24300
USC00053530,19740
USC00053541,10480
USC00053553,24540
USC00053592,14720
USC00053629,14500
USC00053652,15860
USC00053656,15860
USC00053738,44460
USC00053867,44460
USC00054054,22660
USC00054135,22660
USC00054254,20420
USC00054293,19740
USC00054452,19740
USC00054742,19740
USC00054762,19740
USC00054934,20420
USC00054945,44540
USC00055020,19740
USC00055116,14500
USC00055236,22660
USC00055322,10480
USC00055402,19740
USC00055422,44460
USC00055427,19740
USC00055446,44460
USC00055507,40090
USC00055722,33940
USC00055733,17820
USC00055734,17820
USC00055795,39380
USC00055922,24540
USC00055934,24540
USC00055984,19740
USC00056266,24300
USC00056280,17820
USC00056320,33940
USC00056323,19740
USC00056765,39380
USC00056816,19740
USC00057033,40090
USC00057249,19740
USC00057287,17820
USC00057296,22660
USC00057309,17820
USC00057317,39380
USC00057430,10480
USC00057618,40090
USC00057936,44460
USC00057950,44540
USC00058022,19740
USC00058064,14720
USC00058157,39380
USC00058501,14720
USC00058560,33940
USC00058575,20780
USC00058582,20420
USC00058590,20420
USC00058690,22660
USC00058839,22660
USC00058860,10480
USC00058992,39380
USC00058995,19740
USC00059213,22820
USC00059265,44460
USC00060128,47930
USC00060227,45860
USC00060299,45860
USC00060973,45860
USC00061762,14860
USC00062658,45860
USC00063207,35980
USC00063420,39480
USC00063857,35980
USC00065077,35300
USC00065445,45860
USC00065910,35980
USC00066655,14860
USC00067002,14860
USC00067432,25540
USC00067958,25540
USC00067970,14860
USC00068065,14860
USC00068138,25540
USC00068330,47930
USC00069388,39480
USC00069775,47930
USC00072730,20100
USC00073595,42580
USC00075320,42580
USC00076410,37980
USC00079605,37980
USC00080228,11580
USC00080236,42700
USC00080369,42700
USC00080414,28580
USC00080478,29460
USC00080598,23540
USC00080611,33100
USC00080737,17500
USC00080945,35840
USC00080992,17500
USC00081046,45300
USC00081163,48680
USC00081276,33100
USC00081306,33100
USC00081544,37460
USC00081641,36740
USC00081651,17500
USC00081858,33100
USC00081978,37260
USC00082046,28580
USC00082150,19660
USC00082220,18880
USC00082229,19660
USC00082288,42700
USC00082298,17500
USC00082418,28580
USC00082441,28580
USC00082850,34940
USC00082915,37260
USC00082944,27260
USC00083020,28580
USC00083153,35840
USC00083163,33100
USC00083168,33100
USC00083207,38940
USC00083209,38940
USC00083322,23540
USC00083470,27260
USC00083874,27260
USC00083909,33100
USC00083956,23540
USC00083986,45300
USC00084050,33100
USC00084095,33100
USC00084210,34940
USC00084289,26140
USC00084320,28580
USC00084366,27260
USC00084412,28580
USC00084461,33100
USC00084500,36740
USC00084571,28580
USC00084621,36380
USC00084625,36740
USC00084662,17500
USC00084731,29380
USC00084802,29460
USC00085076,36740
USC00085184,33100
USC00085359,34940
USC00085603,37340
USC00085612,37340
USC00085667,33100
USC00085793,37860
USC00085879,45220
USC00085880,45220
USC00085895,17500
USC00085973,29460
USC00086048,17500
USC00086065,35840
USC00086078,34940
USC00086092,38940
USC00086240,18880
USC00086315,33100
USC00086406,34940
USC00086414,36100
USC00086485,36380
USC00086618,36100
USC00086634,36740
USC00086657,17500
USC00086761,37340
USC00086764,33100
USC00086767,19660
USC00086828,45220
USC00086842,37460
USC00086880,35840
USC00086999,37860
USC00087020,33100
USC00087205,45300
USC00087228,36740
USC00087261,19660
USC00087304,38940
USC00087397,39460
USC00087429,45220
USC00087760,33100
USC00087826,27260
USC00087851,45300
USC00087886,45300
USC00087982,36740
USC00088051,37340
USC00088368,33100
USC00088620,38940
USC00088756,45220
USC00088780,33100
USC00088782,45300
USC00088824,45300
USC00088841,28580
USC00088942,37340
USC00089120,23540
USC00089176,35840
USC00089219,42680
USC00089430,45300
USC00089707,29460
USC00090044,12060
USC00090140,10500
USC00090181,12060
USC00090253,11140
USC00090311,12260
USC00090406,45700
USC00090444,12060
USC00090586,12460
USC00090603,12060
USC00091266,44340
USC00091340,15260
USC00091372,17980
USC00091463,45620
USC00091585,12060
USC00091640,12060
USC00091665,12060
USC00091670,12060
USC00091732,16340
USC00091863,19140
USC00091906,16860
USC00091908,16860
USC00091965,18460
USC00092159,17980
USC00092266,18380
USC00092283,18460
USC00092318,12060
USC00092361,10500
USC00092408,12060
USC00092429,40660
USC00092475,12060
USC00092485,12060
USC00092493,19140
USC00092517,12020
USC00092570,10500
USC00092753,12060
USC00092783,20060
USC00092839,20140
USC00092844,20140
USC00093147,12060
USC00093271,12060
USC00093386,22340
USC00093538,25980
USC00093621,23580
USC00093658,21640
USC00094648,12060
USC00094676,27700
USC00094700,12060
USC00094728,31420
USC00094862,20140
USC00094941,16860
USC00094949,29300
USC00095061,10500
USC00095165,12020
USC00095204,12260
USC00095394,17980
USC00095404,12060
USC00095666,12060
USC00095863,12260
USC00095874,33300
USC00095988,12060
USC00096087,34220
USC00096148,17980
USC00096219,15260
USC00096335,12060
USC00096407,12060
USC00097087,11140
USC00097171,20060
USC00097276,46660
USC00097430,15660
USC00097489,16860
USC00097600,40660
USC00097808,15260
USC00098241,42340
USC00098436,44900
USC00098535,17980
USC00098600,12060
USC00098657,45580
USC00098661,45580
USC00098677,12260
USC00098703,45700
USC00098740,45740
USC00098842,18460
USC00098950,12020
USC00098974,46660
USC00099124,47580
USC00099186,48180
USC00099194,12260
USC00099291,29300
USC00099466,12060
USC00099486,12020
USC00099502,28680
USC00099506,12060
USC00100010,13940
USC00100375,26820
USC00100448,34300
USC00100470,39940
USC00100667,17660
USC00100774,25200
USC00100915,13940
USC00101017,14260
USC00101018,14260
USC00101024,14260
USC00101195,14260
USC00101220,46300
USC00101363,41760
USC00101551,46300
USC00101636,14260
USC00101956,17660
USC00102260,26820
USC00102444,14260
USC00102667,38540
USC00102676,27220
USC00102942,14260
USC00103108,25200
USC00103297,13940
USC00103448,14260
USC00103631,34300
USC00103760,14260
USC00103964,26820
USC00104140,46300
USC00104268,25200
USC00104318,14260
USC00104384,26820
USC00104442,14260
USC00104455,26820
USC00104456,26820
USC00104598,39940
USC00104670,46300
USC00104845,25200
USC00105143,38540
USC00105414,14260
USC00105563,15420
USC00105567,15420
USC00105716,38540
USC00105980,15420
USC00106080,26820
USC00106152,34140
USC00106174,34300
USC00106250,14260
USC00106305,14260
USC00106542,15420
USC00106586,14260
USC00106844,14260
USC00106877,15420
USC00106891,36620
USC00107040,25200
USC00107208,38540
USC00107210,38540
USC00107301,34140
USC00107346,30860
USC00107386,41760
USC00107644,39940
USC00107648,14260
USC00107673,25200
USC00107689,26820
USC00108022,39940
USC00108137,41760
USC00108380,25200
USC00108412,14260
USC00108818,39940
USC00108928,14260
USC00108937,26820
USC00109065,27220
USC00109293,46300
USC00109303,46300
USC00110050,41180
USC00110072,19340
USC00110137,41180
USC00110140,23660
USC00110146,19940
USC00110203,16980
USC00110306,44100
USC00110338,16980
USC00110356,15900
USC00110442,16980
USC00110500,20820
USC00110583,40420
USC00110761,14010
USC00110764,14010
USC00110803,28100
USC00110868,37900
USC00110993,37140
USC00111083,44100
USC00111160,41180
USC00111250,15900
USC00111265,16060
USC00111280,41180
USC00111290,41180
USC00111386,16460
USC00111420,16980
USC00111436,16660
USC00111447,38700
USC00111475,14010
USC00111497,16980
USC00111550,16980
USC00111577,16980
USC00111627,37900
USC00111655,16580
USC00111835,19940
USC00111836,37900
USC00112048,16980
USC00112140,19180
USC00112145,19180
USC00112193,19500
USC00112223,16980
USC00112344,34500
USC00112348,19940
USC00112470,16980
USC00112500,38700
USC00112510,36837
USC00112679,41180
USC00112685,20820
USC00112687,20820
USC00112709,16980
USC00112736,16980
USC00112854,37900
USC00112923,38700
USC00113061,16580
USC00113120,37140
USC00113132,40300
USC00113262,23300
USC00113290,44580
USC00113320,23660
USC00113335,19340
USC00113384,19340
USC00113392,16980
USC00113413,16580
USC00113455,15460
USC00113490,16980
USC00113530,39500
USC00113595,16060
USC00113693,41180
USC00113738,16980
USC00113774,16580
USC00113902,16980
USC00114012,36837
USC00114013,36837
USC00114089,41180
USC00114198,19180
USC00114355,34700
USC00114400,16460
USC00114442,27300
USC00114447,27300
USC00114489,41180
USC00114530,16980
USC00114603,28100
USC00114655,19340
USC00114710,19340
USC00114739,45380
USC00114756,16460
USC00114780,23660
USC00114805,37900
USC00114833,44100
USC00114837,16980
USC00114890,16980
USC00115079,30660
USC00115097,16980
USC00115110,16980
USC00115272,37900
USC00115280,31380
USC00115314,16980
USC00115326,16980
USC00115372,36837
USC00115430,16660
USC00115493,16980
USC00115539,41180
USC00115562,36837
USC00115712,37900
USC00115758,28100
USC00115763,16980
USC00115792,16580
USC00115825,16980
USC00115833,44580
USC00115841,45380
USC00115876,37900
USC00115917,41180
USC00115927,30660
USC00115943,34500
USC00115961,16980
USC00115983,16060
USC00116024,20820
USC00116072,41180
USC00116080,19340
USC00116200,14010
USC00116281,16980
USC00116344,16580
USC00116490,40300
USC00116526,36837
USC00116579,45380
USC00116616,16980
USC00116642,16460
USC00116661,19940
USC00116663,16580
USC00116670,39500
USC00116710,37900
USC00116725,16980
USC00116753,36837
USC00116760,44100
USC00116765,44100
USC00116769,16580
USC00116819,16580
USC00116849,16980
USC00116897,40300
USC00116910,38700
USC00116970,31380
USC00116998,36837
USC00117004,37900
USC00117014,44580
USC00117077,39500
USC00117329,37900
USC00117354,40300
USC00117370,44580
USC00117391,19340
USC00117457,16980
USC00117470,40420
USC00117636,16460
USC00117833,16980
USC00117896,44100
USC00117916,40420
USC00117952,19180
USC00118020,37140
USC00118186,44100
USC00118192,16980
USC00118194,28100
USC00118254,19940
USC00118324,16980
USC00118353,38700
USC00118491,45380
USC00118740,16580
USC00118756,36837
USC00118797,37900
USC00118860,41180
USC00118916,36837
USC00118932,34500
USC00119002,41180
USC00119029,16980
USC00119221,16980
USC00119331,27300
USC00119469,19340
USC00119480,16980
USC00119816,23660
USC00119827,16980
USC00120014,28340
USC00120132,18220
USC00120177,26900
USC00120182,26900
USC00120200,11420
USC00120550,13260
USC00120676,19540
USC00120784,14020
USC00120830,23060
USC00120852,21780
USC00120858,29200
USC00120877,45460
USC00121030,17140
USC00121187,12140
USC00121229,39980
USC00121303,26900
USC00121326,26900
USC00121417,33900
USC00121615,31500
USC00121628,45460
USC00121739,23060
USC00121747,18020
USC00121814,31140
USC00121873,18820
USC00121940,16980
USC00122041,26900
USC00122096,19540
USC00122149,29200
USC00122161,16980
USC00122184,31500
USC00122309,27540
USC00122594,21140
USC00122620,47780
USC00122638,26900
USC00122731,21780
USC00122814,45460
USC00122816,17140
USC00122931,29200
USC00123082,23140
USC00123091,26900
USC00123093,26900
USC00123104,47180
USC00123206,12140
USC00123207,12140
USC00123418,21140
USC00123501,45460
USC00123513,24600
USC00123527,26900
USC00123547,24700
USC00124181,26540
USC00124244,16980
USC00124249,26900
USC00124260,26900
USC00124272,26900
USC00124286,26900
USC00124356,26900
USC00124527,16980
USC00124613,33140
USC00124642,35220
USC00124662,29020
USC00124667,29020
USC00124715,29200
USC00124778,16980
USC00124782,43780
USC00124832,26900
USC00124837,33140
USC00124910,26900
USC00125055,28340
USC00125117,30900
USC00125174,16980
USC00125237,31500
USC00125337,31980
USC00125407,26900
USC00125485,21780
USC00125541,42980
USC00125613,26900
USC00125658,17140
USC00125700,13260
USC00125888,16980
USC00125923,26900
USC00126001,21780
USC00126023,34620
USC00126056,26900
USC00126151,21780
USC00126160,43780
USC00126164,35220
USC00126340,26900
USC00126400,47700
USC00126420,47340
USC00126580,13260
USC00126697,31140
USC00126711,27540
USC00126801,29200
USC00126830,45460
USC00126864,37940
USC00126989,38500
USC00127083,21780
USC00127099,45460
USC00127255,24600
USC00127267,16980
USC00127298,16980
USC00127370,39980
USC00127755,31140
USC00127935,42980
USC00127959,45460
USC00127999,26900
USC00128212,43780
USC00128290,14020
USC00128437,43780
USC00128549,17140
USC00128723,45460
USC00128732,45460
USC00128784,26900
USC00128967,21780
USC00128999,16980
USC00129112,47180
USC00129113,47180
USC00129138,47340
USC00129222,33140
USC00129240,47700
USC00129243,47700
USC00129253,47780
USC00129430,29200
USC00129435,29200
USC00129511,16980
USC00129557,26900
USC00129724,23060
USC00129905,30900
USC00130088,30180
USC00130200,11180
USC00130203,11180
USC00130213,16300
USC00130214,16300
USC00130241,19780
USC00130389,22800
USC00130600,16300
USC00130807,11180
USC00130910,26980
USC00131060,15460
USC00131233,16140
USC00131257,20220
USC00131319,16300
USC00131635,17540
USC00131705,16300
USC00131710,11180
USC00131742,47940
USC00132070,19340
USC00132209,19780
USC00132235,17540
USC00132236,19340
USC00132299,22800
USC00132362,20220
USC00132364,20220
USC00132755,43980
USC00132999,22700
USC00133007,22800
USC00133239,32260
USC00133290,36540
USC00133487,47940
USC00133509,19780
USC00133675,36540
USC00133900,43580
USC00134063,19780
USC00134101,26980
USC00134381,22800
USC00134502,37800
USC00134561,44020
USC00134705,19340
USC00134735,30180
USC00134874,36540
USC00134894,36540
USC00135198,32260
USC00135203,32260
USC00135230,32380
USC00135232,32380
USC00135493,44020
USC00135669,16300
USC00135837,34700
USC00135844,34700
USC00135992,19780
USC00136103,32380
USC00136151,36540
USC00136327,36820
USC00136527,37800
USC00136566,19780
USC00136976,30180
USC00137702,43580
USC00137713,43580
USC00137726,44740
USC00137844,43980
USC00137859,44020
USC00137979,44740
USC00138062,26980
USC00138339,47940
USC00138410,36540
USC00138568,16300
USC00138632,16300
USC00138688,26980
USC00139132,19780
USC00139750,11180
USC00140119,24460
USC00140195,45820
USC00140308,48620
USC00140313,11680
USC00140326,26740
USC00140405,11860
USC00140443,45820
USC00140447,48620
USC00140637,48620
USC00140676,19980
USC00140679,48620
USC00140750,48620
USC00140877,31740
USC00140957,28140
USC00141057,41460
USC00141104,19980
USC00141173,48620
USC00141202,21380
USC00141233,48620
USC00141239,11680
USC00141351,48620
USC00141355,25700
USC00141404,28140
USC00141467,48620
USC00141529,45820
USC00141536,24460
USC00141612,29940
USC00141740,27900
USC00141795,48620
USC00141858,21380
USC00142329,28140
USC00142388,11860
USC00142396,48620
USC00142401,48620
USC00142445,24460
USC00142452,25700
USC00142470,21380
USC00142472,21380
USC00142519,31740
USC00142548,21380
USC00142602,45820
USC00142620,29940
USC00142848,31740
USC00142938,24460
USC00142980,23780
USC00143074,38260
USC00143134,32700
USC00143218,24460
USC00143523,25700
USC00143527,25700
USC00143545,48620
USC00143620,48620
USC00143686,28140
USC00143759,45820
USC00143929,26740
USC00143930,26740
USC00143974,32700
USC00144161,23780
USC00144166,23780
USC00144559,29940
USC00144588,28140
USC00144589,28140
USC00144613,29940
USC00144695,30580
USC00144735,32700
USC00144972,31740
USC00145069,21380
USC00145132,45820
USC00145152,32700
USC00145210,45820
USC00145306,31740
USC00145321,21380
USC00145363,41460
USC00145528,28140
USC00145530,28140
USC00145539,48620
USC00145680,21380
USC00145744,48620
USC00145972,28140
USC00146014,31740
USC00146076,45820
USC00146084,28140
USC00146100,45820
USC00146128,36840
USC00146154,45820
USC00146168,28140
USC00146169,48620
USC00146209,28140
USC00146217,31740
USC00146305,48620
USC00146333,45820
USC00146340,48620
USC00146414,38260
USC00146498,45820
USC00146524,48620
USC00146573,26740
USC00146590,36840
USC00146679,31740
USC00146907,11680
USC00146979,48620
USC00147007,45820
USC00147159,41460
USC00147313,48620
USC00147534,48620
USC00147551,41460
USC00147756,28140
USC00148061,21380
USC00148086,41460
USC00148156,28140
USC00148171,45820
USC00148250,41140
USC00148257,26740
USC00148259,31740
USC00148341,45820
USC00148549,38260
USC00148563,31740
USC00148670,48620
USC00148847,48620
USC00148950,32700
USC00148964,11680
USC00149020,21380
USC00150012,14540
USC00150254,26580
USC00150290,17140
USC00150381,18340
USC00150397,31140
USC00150402,37140
USC00150422,23980
USC00150619,40080
USC00150630,31140
USC00150687,18340
USC00150700,33180
USC00150875,21060
USC00150904,14540
USC00150906,14540
USC00150955,31140
USC00151208,17300
USC00151210,17300
USC00151227,36980
USC00151306,17300
USC00151517,26580
USC00151895,40080
USC00151900,31140
USC00151927,17300
USC00152040,19220
USC00152072,31580
USC00152250,17140
USC00152409,40080
USC00152500,21060
USC00152512,21060
USC00152812,38210
USC00152825,38210
USC00153006,33180
USC00153025,23180
USC00153030,23180
USC00153036,23190
USC00153052,34460
USC00153194,30460
USC00153246,23980
USC00153250,17140
USC00153252,21060
USC00153389,26580
USC00153391,26580
USC00153398,26580
USC00153430,15820
USC00153762,25775
USC00153768,25775
USC00153798,17300
USC00153929,21060
USC00153994,17300
USC00154180,38210
USC00154369,30460
USC00154449,23980
USC00154848,26580
USC00154905,18340
USC00154948,26580
USC00154955,31140
USC00154958,31140
USC00155067,31580
USC00155097,14540
USC00155111,18340
USC00155175,38210
USC00155235,32460
USC00155640,34460
USC00155648,40080
USC00155694,34660
USC00155758,31140
USC00155834,14540
USC00156012,26580
USC00156028,18340
USC00156094,36980
USC00156170,30460
USC00156360,38210
USC00156563,38210
USC00156595,25775
USC00156810,40080
USC00157215,14540
USC00157234,25775
USC00157324,31140
USC00157334,31140
USC00157508,43700
USC00157510,43700
USC00157800,23980
USC00157950,31140
USC00158432,26580
USC00158446,17140
USC00158555,37140
USC00158709,18340
USC00158714,17140
USC00158824,14540
USC00160007,29180
USC00160012,43640
USC00160016,43640
USC00160021,43640
USC00160098,10780
USC00160103,10780
USC00160205,25220
USC00160238,14220
USC00160349,35060
USC00160462,12940
USC00160537,33740
USC00160546,12940
USC00160548,12940
USC00160558,12940
USC00160565,12940
USC00160658,29340
USC00160718,43340
USC00160945,14220
USC00161232,10780
USC00161235,10780
USC00161246,12940
USC00161292,35380
USC00161411,33740
USC00161535,29180
USC00161565,12940
USC00161639,35380
USC00161899,12940
USC00161941,10780
USC00162002,35380
USC00162121,33380
USC00162151,43640
USC00162212,29180
USC00162350,12940
USC00162367,19760
USC00162534,12940
USC00162641,19760
USC00162673,26380
USC00162688,12940
USC00162812,10780
USC00162981,36660
USC00163079,33740
USC00163165,43640
USC00163313,34020
USC00163331,14220
USC00163433,26380
USC00163695,12940
USC00163741,35060
USC00163800,36660
USC00163804,35060
USC00163807,35380
USC00163829,35380
USC00163867,12940
USC00163877,43340
USC00163979,29340
USC00164030,25220
USC00164034,25220
USC00164398,43340
USC00164407,26380
USC00164674,35340
USC00164700,29340
USC00164775,29180
USC00164816,43340
USC00164859,25220
USC00164931,43340
USC00165021,29180
USC00165065,29340
USC00165072,29340
USC00165074,29340
USC00165076,29340
USC00165296,29180
USC00165430,12940
USC00165438,12940
USC00165522,43340
USC00165620,12940
USC00165624,35380
USC00165630,10780
USC00165783,35380
USC00165874,43340
USC00165926,35380
USC00166130,35380
USC00166157,35380
USC00166244,33380
USC00166314,33740
USC00166364,43340
USC00166394,34020
USC00166431,29340
USC00166434,29340
USC00166466,14220
USC00166561,12940
USC00166582,35060
USC00166584,35060
USC00166657,35340
USC00166666,35380
USC00166686,12940
USC00166808,12940
USC00166868,33740
USC00166911,12940
USC00166968,29340
USC00166995,36660
USC00167096,35380
USC00167304,12940
USC00167344,43340
USC00167366,12940
USC00167425,25220
USC00167448,12940
USC00167691,33740
USC00167732,10780
USC00167738,43340
USC00167767,35380
USC00167924,43340
USC00167932,29340
USC00168067,40820
USC00168108,35380
USC00168136,12940
USC00168138,12940
USC00168139,12940
USC00168181,29180
USC00168436,43340
USC00168444,43340
USC00168448,43340
USC00168539,43640
USC00168669,33740
USC00168683,33380
USC00168831,29340
USC00168861,43640
USC00168906,43640
USC00168941,35380
USC00169013,26380
USC00169357,35020
USC00169392,43340
USC00169631,33740
USC00169930,12940
USC00170177,12300
USC00170271,12300
USC00170409,38860
USC00170844,38860
USC00171131,38860
USC00171628,12620
USC00172048,30340
USC00172238,38860
USC00172602,38860
USC00173046,12300
USC00173295,38860
USC00173862,38860
USC00174193,38860
USC00174566,30340
USC00174683,12620
USC00174745,30340
USC00175304,12620
USC00175305,12620
USC00176011,38860
USC00176430,12620
USC00176594,12620
USC00176856,30340
USC00177479,38860
USC00178817,30340
USC00179151,12300
USC00179314,38860
USC00179720,38860
USC00180193,12580
USC00180335,36180
USC00180700,47900
USC00181530,47900
USC00181790,25180
USC00182060,12580
USC00182282,19060
USC00182308,12580
USC00182325,47900
USC00182336,47900
USC00182906,47900
USC00183348,47900
USC00183415,19060
USC00183675,47900
USC00185111,47900
USC00185865,30500
USC00185934,12580
USC00186350,47900
USC00186800,47900
USC00187272,47900
USC00187330,41540
USC00187705,47900
USC00187806,20660
USC00188000,41540
USC00188004,41540
USC00188207,25180
USC00188371,25180
USC00188380,36180
USC00188405,30500
USC00188557,12580
USC00189070,47900
USC00189140,15700
USC00189570,25180
USC00190120,11200
USC00190190,49340
USC00190192,49340
USC00190213,24640
USC00190408,49340
USC00190535,14460
USC00190562,11200
USC00190593,14460
USC00190666,49340
USC00190736,14460
USC00190840,14460
USC00190860,14460
USC00190998,49340
USC00191386,12700
USC00191436,11200
USC00192107,49340
USC00192175,24640
USC00192372,12700
USC00192451,14460
USC00192501,47240
USC00192807,49340
USC00192997,14460
USC00193229,24640
USC00193276,14460
USC00193401,49340
USC00193405,49340
USC00193505,14460
USC00193624,14460
USC00193821,12700
USC00193890,14460
USC00194105,14460
USC00194131,38340
USC00194154,24640
USC00194313,14460
USC00194502,14460
USC00194580,14460
USC00194711,14460
USC00194744,14460
USC00194760,49340
USC00195175,14460
USC00195246,39300
USC00195285,14460
USC00195524,49340
USC00195984,39300
USC00196435,11200
USC00196486,14460
USC00196783,14460
USC00196938,14460
USC00196989,24640
USC00197627,49340
USC00198278,24640
USC00198367,39300
USC00198368,39300
USC00198573,49340
USC00198757,14460
USC00198793,11200
USC00199193,44140
USC00199227,12700
USC00199316,14460
USC00199891,12700
USC00199972,11200
USC00200032,10300
USC00200094,12980
USC00200106,19820
USC00200128,26090
USC00200146,10940
USC00200166,10980
USC00200228,11460
USC00200230,11460
USC00200361,13020
USC00200552,12980
USC00200710,35660
USC00200758,45900
USC00200770,32100
USC00200779,13660
USC00200842,10300
USC00201150,22420
USC00201178,15620
USC00201250,33780
USC00201435,32100
USC00201439,32100
USC00201476,29620
USC00201502,11460
USC00201522,40980
USC00201675,17740
USC00201780,26340
USC00201802,21540
USC00201818,37020
USC00201896,37950
USC00202015,19820
USC00202016,19820
USC00202094,42300
USC00202140,29620
USC00202250,43780
USC00202308,33780
USC00202328,37020
USC00202375,24340
USC00202395,29620
USC00202437,29620
USC00202445,35660
USC00202631,13020
USC00202691,19820
USC00202783,45900
USC00202851,22420
USC00202955,40980
USC00202984,45900
USC00203078,21540
USC00203270,21540
USC00203278,22420
USC00203295,24340
USC00203306,29620
USC00203413,32100
USC00203429,24340
USC00203477,19820
USC00203504,28020
USC00203639,32100
USC00203661,24340
USC00203712,19820
USC00203823,25880
USC00203858,24340
USC00203925,26090
USC00203932,15620
USC00203947,19820
USC00203969,10300
USC00204078,24340
USC00204090,27020
USC00204130,32100
USC00204161,26340
USC00204257,45900
USC00204258,45900
USC00204320,24340
USC00204425,32100
USC00204502,15620
USC00204655,19820
USC00204659,19820
USC00204793,22420
USC00204944,24340
USC00204954,31220
USC00205050,11460
USC00205097,45900
USC00205434,33220
USC00205450,33780
USC00205451,33780
USC00205452,19820
USC00205563,33780
USC00205567,34740
USC00205603,10300
USC00205662,34380
USC00205822,33780
USC00205892,35660
USC00206007,45900
USC00206012,45900
USC00206013,24340
USC00206080,33220
USC00206158,45900
USC00206300,37020
USC00206354,42300
USC00206442,37950
USC00206507,37950
USC00206510,37950
USC00206583,42300
USC00206658,19820
USC00206680,19820
USC00206840,21540
USC00206982,19820
USC00207188,42300
USC00207190,42300
USC00207222,40980
USC00207280,29620
USC00207308,11460
USC00207312,11460
USC00207364,42300
USC00207407,31220
USC00207684,45900
USC00207742,31940
USC00207867,31940
USC00207891,35660
USC00208043,42300
USC00208080,10300
USC00208184,44780
USC00208202,10300
USC00208245,45900
USC00208249,45900
USC00208293,42300
USC00208920,42300
USC00208941,19820
USC00208972,19820
USC00209006,29620
USC00209110,19820
USC00209188,19820
USC00210075,10660
USC00210146,49100
USC00210157,31860
USC00210190,33460
USC00210355,12380
USC00210387,20260
USC00210643,13420
USC00210809,13420
USC00210939,14660
USC00210974,47420
USC00210989,20260
USC00211065,26780
USC00211107,33460
USC00211174,40340
USC00211198,29100
USC00211227,33460
USC00211310,10820
USC00211374,14660
USC00211390,33460
USC00211422,20260
USC00211448,33460
USC00211468,33460
USC00211630,20260
USC00211691,41060
USC00211771,20260
USC00211840,20260
USC00211891,24220
USC00212050,14660
USC00212088,33460
USC00212142,19810
USC00212146,19810
USC00212246,20260
USC00212250,20260
USC00212486,40340
USC00212500,33460
USC00212543,20260
USC00212561,20260
USC00212576,20260
USC00212645,20260
USC00212698,21860
USC00212721,22060
USC00212737,33460
USC00212768,22260
USC00212842,20260
USC00212881,33460
USC00212916,24220
USC00213104,22020
USC00213290,12380
USC00213303,24330
USC00213411,14660
USC00213520,40340
USC00213567,33460
USC00213812,29100
USC00213962,26780
USC00214093,20260
USC00214176,33460
USC00214191,20260
USC00214306,20260
USC00214373,41060
USC00214418,49100
USC00214438,40340
USC00214563,40340
USC00214652,14660
USC00214692,26780
USC00214884,33460
USC00214937,43620
USC00214990,40340
USC00215073,31860
USC00215175,24330
USC00215204,32140
USC00215325,41060
USC00215392,33460
USC00215482,32140
USC00215488,49100
USC00215571,33460
USC00215586,22020
USC00215598,20260
USC00215838,33460
USC00215842,48820
USC00215887,35580
USC00215888,31860
USC00215902,22260
USC00215989,24330
USC00216166,33460
USC00216211,20260
USC00216228,22260
USC00216276,22260
USC00216287,36940
USC00216405,22260
USC00216547,14660
USC00216612,24330
USC00216654,40340
USC00216795,13420
USC00216817,39860
USC00216822,39860
USC00216920,41060
USC00217011,40340
USC00217020,33460
USC00217107,33460
USC00217149,47420
USC00217184,40340
USC00217309,33460
USC00217377,33460
USC00217379,33460
USC00217405,31860
USC00217502,33460
USC00217602,21860
USC00217907,35580
USC00217941,40340
USC00218037,33460
USC00218039,33460
USC00218191,19810
USC00218227,40340
USC00218254,13420
USC00218311,20260
USC00218323,32140
USC00218450,33460
USC00218477,33460
USC00218552,40340
USC00218618,14660
USC00218700,13420
USC00218986,33460
USC00219001,48820
USC00219004,48820
USC00219059,14660
USC00219067,49100
USC00219072,49100
USC00219170,49380
USC00219173,20260
USC00219249,39860
USC00220008,37060
USC00220237,32820
USC00220290,32820
USC00220378,46180
USC00220521,25060
USC00220585,25620
USC00220792,25060
USC00220891,18060
USC00220955,46180
USC00221094,15020
USC00221389,27140
USC00221707,17260
USC00221738,17380
USC00221743,17380
USC00221804,37060
USC00221860,32940
USC00221880,18060
USC00221962,18420
USC00222034,32940
USC00222046,18060
USC00222094,27140
USC00222385,27140
USC00222722,24980
USC00222773,37060
USC00222896,44260
USC00223107,27140
USC00223208,46180
USC00223516,27140
USC00223605,24740
USC00223645,24980
USC00223650,24980
USC00223671,25060
USC00223700,46180
USC00223887,25620
USC00223888,25620
USC00223920,27140
USC00223975,32820
USC00224001,32820
USC00224173,32820
USC00224377,32820
USC00224816,37060
USC00224939,29860
USC00225062,27140
USC00225361,18060
USC00225611,32620
USC00226084,32820
USC00226177,35020
USC00226476,27140
USC00226484,25060
USC00226513,32940
USC00226527,32820
USC00226638,32940
USC00226640,29860
USC00226643,32940
USC00226718,25060
USC00226921,38100
USC00226926,27140
USC00227066,32820
USC00227128,38100
USC00227220,25620
USC00227252,32940
USC00227831,27140
USC00227840,25060
USC00227921,32820
USC00228053,32940
USC00228374,44260
USC00228413,25060
USC00228445,24740
USC00228556,25620
USC00228899,32940
USC00228998,32820
USC00229004,46180
USC00229006,46180
USC00229048,32620
USC00229072,35020
USC00229079,37060
USC00229114,24900
USC00229157,25060
USC00229173,46180
USC00229230,46980
USC00229400,37060
USC00229426,25060
USC00229639,25060
USC00229743,24980
USC00229860,27140
USC00230143,41140
USC00230304,44180
USC00230657,44180
USC00230789,44180
USC00230817,17860
USC00230824,17860
USC00230887,14700
USC00231087,44180
USC00231145,28140
USC00231189,27620
USC00231216,41140
USC00231275,39500
USC00231356,27900
USC00231482,17860
USC00231600,25300
USC00231801,17860
USC00231822,32340
USC00231837,28140
USC00231924,41140
USC00232220,41180
USC00232240,27900
USC00232318,28860
USC00232568,47660
USC00232591,41180
USC00232809,22100
USC00232825,17860
USC00232850,41180
USC00232941,44180
USC00232981,22780
USC00233043,27620
USC00233079,27620
USC00233222,17860
USC00233568,28140
USC00233601,25300
USC00233838,28140
USC00233999,28380
USC00234154,28140
USC00234226,16020
USC00234271,27620
USC00234382,28140
USC00234417,28380
USC00234515,47660
USC00234544,28860
USC00234637,39500
USC00234825,30060
USC00234850,28140
USC00234904,28140
USC00235207,28380
USC00235253,16020
USC00235307,44180
USC00235340,32340
USC00235541,33020
USC00235671,33620
USC00235784,44180
USC00235976,27900
USC00236012,17860
USC00236269,28140
USC00236302,44180
USC00236452,44180
USC00236460,14700
USC00236468,41180
USC00236493,25300
USC00236745,28140
USC00236760,44180
USC00236775,28140
USC00236791,38740
USC00236970,38740
USC00237064,28140
USC00237105,27620
USC00237116,28140
USC00237263,40620
USC00237397,41180
USC00237398,41180
USC00237434,41140
USC00237452,41180
USC00237475,41180
USC00237578,25300
USC00237632,42740
USC00237772,43460
USC00237780,48460
USC00237862,28140
USC00238051,39500
USC00238171,41180
USC00238223,32180
USC00238252,14700
USC00238515,41180
USC00238524,28140
USC00238555,47660
USC00238561,41180
USC00238577,33020
USC00238664,27900
USC00238700,38740
USC00238712,47660
USC00238725,41180
USC00238746,41180
USC00238770,28140
USC00238777,22780
USC00238805,41180
USC00238880,48460
USC00238910,48460
USC00240056,24500
USC00240075,33540
USC00240364,25740
USC00240375,25740
USC00240775,14580
USC00240801,13740
USC00240802,13740
USC00241008,25740
USC00241044,14580
USC00241047,14580
USC00241102,13740
USC00241552,24500
USC00241557,24500
USC00241938,13740
USC00242104,28060
USC00242421,15580
USC00242996,13740
USC00243366,14580
USC00243489,25740
USC00243749,24500
USC00243753,24500
USC00243984,33540
USC00244038,14580
USC00244241,25740
USC00244328,28060
USC00244345,13740
USC00244506,13740
USC00244558,28060
USC00245040,25740
USC00245043,33540
USC00245123,14580
USC00245608,14580
USC00245735,33540
USC00245740,33540
USC00245791,13740
USC00245961,13740
USC00246008,24500
USC00246190,13740
USC00246218,28060
USC00246615,28060
USC00246647,13740
USC00246685,33540
USC00246700,24500
USC00246862,13740
USC00246918,13740
USC00247128,13740
USC00247159,25740
USC00247318,33540
USC00247448,33540
USC00247618,24500
USC00248021,24500
USC00248239,25740
USC00248324,25740
USC00248363,14580
USC00248809,28060
USC00248858,14580
USC00248902,28060
USC00250001,13100
USC00250355,35820
USC00250375,36540
USC00250520,13100
USC00250622,13100
USC00250781,36540
USC00250930,36540
USC00250961,25580
USC00251082,35820
USC00251450,30420
USC00251560,24260
USC00251660,18100
USC00251680,25580
USC00251684,25580
USC00251825,18100
USC00252020,30700
USC00252380,23340
USC00252690,30420
USC00252715,43580
USC00252980,36540
USC00253050,23340
USC00253365,30420
USC00253397,24260
USC00253467,36540
USC00253485,25580
USC00253605,42420
USC00253660,25580
USC00253810,35820
USC00253825,30700
USC00254035,18100
USC00254335,28260
USC00255080,35740
USC00255105,30700
USC00255362,36540
USC00255525,28260
USC00255555,42420
USC00255565,28260
USC00255590,42420
USC00255940,36540
USC00255997,35740
USC00256055,35820
USC00256075,35820
USC00256395,35740
USC00256534,36540
USC00256720,35740
USC00256795,36540
USC00256922,36540
USC00257040,28260
USC00257055,30700
USC00257070,25580
USC00257246,30700
USC00257515,24260
USC00257640,18100
USC00257667,42420
USC00257715,30700
USC00258088,36540
USC00258110,35740
USC00258117,35740
USC00258133,35820
USC00258676,23340
USC00258745,30700
USC00258795,36540
USC00258875,13100
USC00258905,36540
USC00258920,35820
USC00259090,36540
USC00259115,35820
USC00259193,36540
USC00259475,13100
USC00260125,29820
USC00260150,37220
USC00260438,21220
USC00260718,37220
USC00260795,21220
USC00260800,21220
USC00260955,37220
USC00261071,29820
USC00261327,29820
USC00261371,29820
USC00261485,16180
USC00261740,21220
USC00262119,23820
USC00262189,21220
USC00262229,49080
USC00262243,29820
USC00262296,21220
USC00262394,49080
USC00262497,29820
USC00262570,21220
USC00262708,21220
USC00262780,21980
USC00262948,37220
USC00263090,39900
USC00263114,21220
USC00263205,23820
USC00263245,49080
USC00263316,29820
USC00263960,39900
USC00264016,21220
USC00264037,21220
USC00264039,21220
USC00264095,21220
USC00264236,49080
USC00264349,21980
USC00264391,21220
USC00264394,21220
USC00264439,29820
USC00264480,29820
USC00264527,49080
USC00264935,49080
USC00265132,21980
USC00265191,23820
USC00265352,21220
USC00265353,21220
USC00265400,29820
USC00265705,29820
USC00265722,21220
USC00265818,49080
USC00265846,29820
USC00265890,37220
USC00266005,49080
USC00266242,21220
USC00266691,29820
USC00266746,37220
USC00266791,39900
USC00267123,21220
USC00267188,21220
USC00267369,29820
USC00267612,39900
USC00267618,39900
USC00267620,37220
USC00267640,37220
USC00267690,21220
USC00267691,39900
USC00267697,39900
USC00267820,39900
USC00267908,37220
USC00267953,39900
USC00268160,37220
USC00268186,23820
USC00268346,21220
USC00268443,37220
USC00268588,29820
USC00268761,39900
USC00268822,39900
USC00268838,39900
USC00268988,21220
USC00269005,21220
USC00269072,21220
USC00269168,49080
USC00269229,39900
USC00270045,30150
USC00270681,30150
USC00270706,30150
USC00270913,18180
USC00272174,14460
USC00272302,31700
USC00272800,14460
USC00273024,28300
USC00273182,18180
USC00273415,30150
USC00273530,30150
USC00273626,14460
USC00273658,31700
USC00273850,30150
USC00274218,18180
USC00274234,31700
USC00274304,28300
USC00274399,28300
USC00274480,29060
USC00274734,30150
USC00275150,28300
USC00275211,31700
USC00275350,29060
USC00275412,31700
USC00275629,18180
USC00275703,31700
USC00275712,31700
USC00275868,30150
USC00276070,14460
USC00276550,28300
USC00276945,30150
USC00277253,14460
USC00277833,18180
USC00278856,28300
USC00278858,28300
USC00278961,30150
USC00278972,31700
USC00278973,31700
USC00279091,30150
USC00279278,14460
USC00280690,12100
USC00280734,10900
USC00280847,35620
USC00280907,35620
USC00280927,35620
USC00280990,35620
USC00281327,35620
USC00281335,35620
USC00281351,12100
USC00281582,35620
USC00282023,35620
USC00282768,35620
USC00282805,12100
USC00283029,35620
USC00283181,35620
USC00283291,37980
USC00283516,35620
USC00283662,12100
USC00283704,35620
USC00283951,45940
USC00284229,37980
USC00284635,35620
USC00284887,35620
USC00284987,35620
USC00285243,12100
USC00285346,12100
USC00285728,37980
USC00286055,35620
USC00286146,35620
USC00286177,35620
USC00286460,35620
USC00286864,37980
USC00286964,37980
USC00286979,10900
USC00287079,35620
USC00287301,35620
USC00287486,10900
USC00287587,35620
USC00287936,47220
USC00288173,37980
USC00288194,35620
USC00288644,35620
USC00288648,35620
USC00288816,35620
USC00288880,45940
USC00289187,35620
USC00289363,35620
USC00289832,35620
USC00289910,37980
USC00290041,21580
USC00290199,10460
USC00290225,10740
USC00290231,10740
USC00290245,21580
USC00290525,17580
USC00290600,16100
USC00290692,22140
USC00290992,40740
USC00291063,22140
USC00291153,16100
USC00291180,21580
USC00291252,43500
USC00291389,21580
USC00291440,40760
USC00291445,26020
USC00291469,16100
USC00291480,16100
USC00291515,40760
USC00291630,45340
USC00291647,22140
USC00291656,29780
USC00291664,21580
USC00291910,43500
USC00291918,10740
USC00291931,10460
USC00291939,17580
USC00291963,17580
USC00291982,10740
USC00292030,29780
USC00292095,40760
USC00292100,10740
USC00292241,10740
USC00292365,16100
USC00292436,19700
USC00292608,21580
USC00292820,21580
USC00292837,21580
USC00292854,17580
USC00292865,40740
USC00293031,42140
USC00293060,10740
USC00293142,22140
USC00293157,43500
USC00293265,43500
USC00293340,22140
USC00293368,19700
USC00293428,23700
USC00293488,29780
USC00293511,21580
USC00293530,43500
USC00293592,42140
USC00293775,43500
USC00294026,26020
USC00294028,26020
USC00294030,26020
USC00294112,16100
USC00294346,26020
USC00294366,10740
USC00294369,10740
USC00294398,10740
USC00294426,29740
USC00294862,29780
USC00294960,21580
USC00295084,31060
USC00295150,10740
USC00295290,21580
USC00295370,26020
USC00295560,23700
USC00295617,17580
USC00295908,10740
USC00295960,10460
USC00295965,10740
USC00295968,10740
USC00296006,26020
USC00296061,22140
USC00296275,29780
USC00296281,26020
USC00296435,10460
USC00296465,22140
USC00296676,29780
USC00296687,10740
USC00296754,10740
USC00296804,40760
USC00296911,10740
USC00297008,17580
USC00297094,10740
USC00297254,40760
USC00297323,45340
USC00297340,43500
USC00297461,10740
USC00297477,10740
USC00297481,10740
USC00297605,40740
USC00297612,40740
USC00297649,40760
USC00298015,10740
USC00298085,42140
USC00298088,42140
USC00298127,29740
USC00298518,42140
USC00298524,23700
USC00298535,29740
USC00298668,45340
USC00298713,26020
USC00298819,43500
USC00298845,21580
USC00299031,10740
USC00299085,45340
USC00299165,10460
USC00299330,29780
USC00299496,29780
USC00299569,16100
USC00299686,10460
USC00299691,43500
USC00299720,43500
USC00299820,10740
USC00300023,18500
USC00300048,10580
USC00300055,40380
USC00300063,10580
USC00300093,36460
USC00300321,12180
USC00300331,12180
USC00300343,40380
USC00300364,35620
USC00300379,45060
USC00300443,12860
USC00300448,18500
USC00300608,45060
USC00300668,46540
USC00300707,48060
USC00300785,46540
USC00300870,45060
USC00300889,35620
USC00300910,40380
USC00300937,40380
USC00300961,35620
USC00301068,10580
USC00301102,33910
USC00301110,46540
USC00301152,40380
USC00301168,13780
USC00301211,35620
USC00301265,12180
USC00301309,35620
USC00301401,38460
USC00301413,21300
USC00301436,36580
USC00301521,33910
USC00301580,40380
USC00301595,10580
USC00301623,15380
USC00301625,15380
USC00301664,32390
USC00301708,10580
USC00301752,36580
USC00301761,26460
USC00301787,18500
USC00301966,38460
USC00301974,40380
USC00302031,10580
USC00302060,13780
USC00302129,35620
USC00302151,35620
USC00302197,27460
USC00302574,38460
USC00302610,21300
USC00302627,13780
USC00303025,36460
USC00303033,27460
USC00303050,27060
USC00303087,45060
USC00303144,28880
USC00303184,40380
USC00303284,24020
USC00303322,24100
USC00303346,32390
USC00303360,10580
USC00303773,40380
USC00303955,40380
USC00303983,18500
USC00304025,26460
USC00304174,27060
USC00304207,27460
USC00304575,10580
USC00304647,32390
USC00304684,12860
USC00304731,33910
USC00304772,18500
USC00304791,46540
USC00304808,36460
USC00304836,12180
USC00304844,15380
USC00304952,40380
USC00305113,36580
USC00305142,35620
USC00305236,40380
USC00305248,10580
USC00305310,28880
USC00305377,35620
USC00305426,28740
USC00305512,45060
USC00305597,40380
USC00305606,35620
USC00305673,36460
USC00305679,40380
USC00305715,15380
USC00305751,46540
USC00305796,35620
USC00305840,15380
USC00305869,32390
USC00305925,24020
USC00306047,15380
USC00306062,24100
USC00306138,35620
USC00306164,32390
USC00306184,46540
USC00306196,36460
USC00306276,35620
USC00306314,45060
USC00306356,13780
USC00306376,45060
USC00306464,12860
USC00306465,12860
USC00306480,15380
USC00306525,36460
USC00306538,38460
USC00306570,28740
USC00306660,38460
USC00306747,27460
USC00306774,28880
USC00306820,28880
USC00306867,45060
USC00306988,45060
USC00307035,28880
USC00307134,35620
USC00307210,33910
USC00307274,28740
USC00307400,36460
USC00307425,15380
USC00307484,10580
USC00307520,10580
USC00307633,35620
USC00307713,27460
USC00307721,28740
USC00307742,35620
USC00307750,27460
USC00307772,27460
USC00307780,45060
USC00307799,28740
USC00307842,40380
USC00308086,13780
USC00308248,46540
USC00308304,28880
USC00308455,48060
USC00308577,35620
USC00308578,46540
USC00308594,18500
USC00308600,10580
USC00308627,18660
USC00308670,36580
USC00308721,35620
USC00308746,26460
USC00308839,40380
USC00308906,28880
USC00308910,15380
USC00308944,32390
USC00308946,35620
USC00308987,42900
USC00309000,48060
USC00309047,13780
USC00309049,40380
USC00309089,40380
USC00309189,27460
USC00309248,46540
USC00309292,28880
USC00309303,10580
USC00309389,24020
USC00309437,13780
USC00309442,13780
USC00309670,35620
USC00309690,15380
USC00310090,10620
USC00310212,39580
USC00310286,24660
USC00310356,33980
USC00310375,47820
USC00310531,11700
USC00310576,35100
USC00310674,47820
USC00310724,11700
USC00310843,11700
USC00310901,14380
USC00310982,14380
USC00311055,14820
USC00311081,25860
USC00311239,15500
USC00311420,11700
USC00311429,20500
USC00311437,11700
USC00311515,38240
USC00311535,39580
USC00311538,43140
USC00311564,48200
USC00311578,25860
USC00311579,25860
USC00311606,33980
USC00311677,20500
USC00311700,20500
USC00311817,39580
USC00311820,39580
USC00311975,16740
USC00311990,25860
USC00312238,49180
USC00312500,11360
USC00312515,20500
USC00312574,11700
USC00312631,24660
USC00312719,21020
USC00312740,34340
USC00312827,40260
USC00312837,11700
USC00312993,39580
USC00313017,22180
USC00313106,11700
USC00313150,22580
USC00313152,22580
USC00313168,22180
USC00313238,39580
USC00313336,28620
USC00313356,16740
USC00313503,24140
USC00313555,15500
USC00313625,24660
USC00313638,24780
USC00313784,40460
USC00313919,15500
USC00313969,25780
USC00313971,25780
USC00313976,11700
USC00314063,24660
USC00314144,27340
USC00314260,11700
USC00314456,40260
USC00314471,27340
USC00314675,49180
USC00314684,28820
USC00314689,28820
USC00314764,22580
USC00314788,14820
USC00314860,29900
USC00314938,25860
USC00314970,49180
USC00314987,11360
USC00314996,16740
USC00314997,16740
USC00315116,48900
USC00315123,39580
USC00315175,31300
USC00315177,31300
USC00315340,32000
USC00315356,11700
USC00315743,49180
USC00315771,16740
USC00315820,48900
USC00315830,33980
USC00315838,25860
USC00315890,34340
USC00315913,16740
USC00316096,33980
USC00316122,39580
USC00316236,11700
USC00316256,35900
USC00316380,32000
USC00316422,27340
USC00316602,25860
USC00316676,35100
USC00316686,49180
USC00316805,14820
USC00317056,22180
USC00317074,39580
USC00317079,39580
USC00317097,24660
USC00317165,31300
USC00317170,35100
USC00317202,24660
USC00317229,25860
USC00317319,40260
USC00317395,40580
USC00317400,40580
USC00317486,14820
USC00317516,20500
USC00317548,49180
USC00317615,16740
USC00317618,16740
USC00317656,41820
USC00317725,40260
USC00317813,48900
USC00317845,43140
USC00317924,20500
USC00317994,39580
USC00318113,48900
USC00318292,16740
USC00318380,48900
USC00318448,11700
USC00318500,40580
USC00318519,25860
USC00318706,35100
USC00318778,16740
USC00318906,16740
USC00318964,16740
USC00319100,47820
USC00319123,48200
USC00319147,48200
USC00319423,48900
USC00319461,48900
USC00319467,48900
USC00319476,48980
USC00319555,35900
USC00319667,49180
USC00319675,49180
USC00319923,39580
USC00320127,13900
USC00320729,33500
USC00320817,13900
USC00320818,13900
USC00321052,13900
USC00321408,22020
USC00321456,13900
USC00321477,22020
USC00321816,27420
USC00322188,19860
USC00322193,19860
USC00322304,33500
USC00322365,19860
USC00322536,27420
USC00322809,19860
USC00322860,22020
USC00323004,13900
USC00323217,33500
USC00323621,24220
USC00323686,33500
USC00324102,13900
USC00324418,27420
USC00324646,33500
USC00324722,19860
USC00325013,24220
USC00325186,47420
USC00325479,13900
USC00325754,47420
USC00325798,27420
USC00325813,19860
USC00325993,33500
USC00326015,13900
USC00326025,33500
USC00326105,27420
USC00326365,13900
USC00327530,19860
USC00328047,33500
USC00328415,27420
USC00328660,19860
USC00328737,48780
USC00328792,33500
USC00328913,33500
USC00328990,33500
USC00329421,48780
USC00329430,48780
USC00330256,11740
USC00330279,11900
USC00330430,48540
USC00330563,13340
USC00330639,10420
USC00330676,31930
USC00330862,45780
USC00331057,18140
USC00331072,15340
USC00331197,15740
USC00331390,16380
USC00331404,34540
USC00331458,17410
USC00331515,17140
USC00331516,17140
USC00331528,17060
USC00331536,17140
USC00331541,17410
USC00331550,17140
USC00331592,18140
USC00331777,18140
USC00331779,18140
USC00331783,18140
USC00331785,18140
USC00331858,18740
USC00331890,18740
USC00331905,18740
USC00332044,34540
USC00332067,19430
USC00332098,19580
USC00332160,35420
USC00332251,17410
USC00332585,41780
USC00332599,17410
USC00332603,17410
USC00332651,17140
USC00332791,22300
USC00332895,16380
USC00332928,17140
USC00332956,34540
USC00332974,23380
USC00332976,23380
USC00333021,15340
USC00333029,23680
USC00333120,19430
USC00333356,17060
USC00333375,24820
USC00333393,34540
USC00333722,19580
USC00333780,10420
USC00333874,45780
USC00333915,13340
USC00334238,17140
USC00334260,17410
USC00334403,18140
USC00334434,18140
USC00334551,30620
USC00334672,18140
USC00334681,18140
USC00334728,15940
USC00334770,39020
USC00334874,31900
USC00334924,31930
USC00334927,31930
USC00334942,32020
USC00334967,49300
USC00334979,18140
USC00335188,17140
USC00335220,17140
USC00335268,17140
USC00335315,41400
USC00335505,49660
USC00335718,18140
USC00335747,18140
USC00335786,44220
USC00335857,18140
USC00335894,35420
USC00335939,31930
USC00336118,35940
USC00336196,17410
USC00336375,17140
USC00336389,17410
USC00336600,49780
USC00336645,19430
USC00336650,19430
USC00336697,19430
USC00336781,39020
USC00336861,32020
USC00336949,10420
USC00337120,17140
USC00337255,18140
USC00337383,47540
USC00337400,46500
USC00337538,18140
USC00337693,43380
USC00337857,26580
USC00337926,44220
USC00337935,44220
USC00338025,48260
USC00338062,10420
USC00338313,45660
USC00338332,19430
USC00338552,46500
USC00338565,18140
USC00338609,46780
USC00338642,24820
USC00338769,49660
USC00338794,47920
USC00338810,26580
USC00338822,45780
USC00338951,18140
USC00339219,48940
USC00339220,48940
USC00339312,49300
USC00339361,19430
USC00340010,36420
USC00340017,10220
USC00340027,10220
USC00340179,11060
USC00340180,11060
USC00340200,36420
USC00340288,36420
USC00340292,11620
USC00340312,11620
USC00340313,11620
USC00340364,32540
USC00340535,46140
USC00340546,46140
USC00340684,48220
USC00340782,46140
USC00340810,38620
USC00340818,38620
USC00340830,36420
USC00341075,38620
USC00341083,21420
USC00341144,46140
USC00341256,46140
USC00341270,48220
USC00341620,49260
USC00341684,36420
USC00341685,36420
USC00341706,30020
USC00341750,36420
USC00341756,36420
USC00341828,46140
USC00341858,32540
USC00341909,48220
USC00342039,48220
USC00342054,20340
USC00342125,48220
USC00342196,36420
USC00342207,44660
USC00342242,36420
USC00342318,44660
USC00342485,46140
USC00342660,20340
USC00342668,30020
USC00342678,20460
USC00342680,20460
USC00342788,36420
USC00342818,36420
USC00342825,36420
USC00342849,21120
USC00342912,21420
USC00342944,21120
USC00342948,21120
USC00343070,49260
USC00343145,10220
USC00343304,49260
USC00343363,49260
USC00343628,25100
USC00343820,36420
USC00343821,36420
USC00343909,38620
USC00343956,34780
USC00343998,11060
USC00344001,11620
USC00344289,46140
USC00344298,25100
USC00344489,44660
USC00345063,30020
USC00345247,20340
USC00345522,46140
USC00345540,46140
USC00345581,20340
USC00345589,36420
USC00345590,36420
USC00345775,30020
USC00345779,36420
USC00345855,33060
USC00345870,36420
USC00346035,21120
USC00346110,36420
USC00346130,34780
USC00346139,49260
USC00346278,38620
USC00346282,38620
USC00346382,36420
USC00346386,36420
USC00346659,36420
USC00346670,46140
USC00346678,34780
USC00346756,44660
USC00346935,46140
USC00346940,46140
USC00347002,44660
USC00347003,44660
USC00347068,36420
USC00347264,36420
USC00347327,36420
USC00347390,46140
USC00347403,30020
USC00347565,21120
USC00347862,22900
USC00347952,21120
USC00348027,49260
USC00348110,43060
USC00348124,43060
USC00348390,36420
USC00348479,36420
USC00348480,30020
USC00348499,44660
USC00348501,44660
USC00348563,36420
USC00348652,21120
USC00348677,45140
USC00348751,43060
USC00348815,48220
USC00349032,11620
USC00349086,36420
USC00349130,20340
USC00349172,49260
USC00349247,46140
USC00349278,30020
USC00349282,30020
USC00349346,36420
USC00349422,48220
USC00349428,48220
USC00349445,34780
USC00349629,30020
USC00349760,49260
USC00349768,49260
USC00350145,35440
USC00350197,13460
USC00350217,32780
USC00350304,32780
USC00350312,13460
USC00350471,18300
USC00350501,13460
USC00350595,38900
USC00350652,10540
USC00350694,13460
USC00350699,13460
USC00350858,25840
USC00350897,38900
USC00351055,15060
USC00351058,15060
USC00351067,13460
USC00351149,32780
USC00351354,40700
USC00351407,26220
USC00351433,10540
USC00351448,24420
USC00351546,28900
USC00351574,28900
USC00351643,38900
USC00351836,18300
USC00351862,18700
USC00351877,18700
USC00351897,21660
USC00351902,21660
USC00351914,21660
USC00351926,29260
USC00351946,28900
USC00352010,40700
USC00352112,41420
USC00352292,41420
USC00352325,38900
USC00352374,21660
USC00352406,40700
USC00352440,45520
USC00352493,38900
USC00352597,29260
USC00352632,40700
USC00352633,40700
USC00352654,25840
USC00352693,38900
USC00352775,18300
USC00352800,41420
USC00352867,21660
USC00352973,21660
USC00352997,38900
USC00353014,11820
USC00353047,10540
USC00353193,40700
USC00353232,28900
USC00353320,40700
USC00353356,15060
USC00353402,38900
USC00353445,24420
USC00353509,32780
USC00353542,13460
USC00353604,12520
USC00353705,38900
USC00353770,38900
USC00353818,25840
USC00353827,25840
USC00353971,10540
USC00353995,21660
USC00354003,26220
USC00354060,32780
USC00354098,12520
USC00354126,40700
USC00354133,15060
USC00354403,28900
USC00354501,28900
USC00354606,10540
USC00354622,29260
USC00354721,15060
USC00354776,41420
USC00354811,21660
USC00354819,10540
USC00354835,40700
USC00355026,40700
USC00355050,21660
USC00355055,32780
USC00355080,13460
USC00355139,13460
USC00355142,13460
USC00355160,36620
USC00355204,21660
USC00355221,10540
USC00355335,36620
USC00355362,21660
USC00355384,38900
USC00355392,25840
USC00355593,25840
USC00355681,38900
USC00355891,40700
USC00355945,38900
USC00355971,11820
USC00356033,35440
USC00356035,35440
USC00356151,38900
USC00356179,36620
USC00356200,40700
USC00356213,21660
USC00356252,28900
USC00356294,36620
USC00356334,38900
USC00356366,35440
USC00356405,36620
USC00356466,26220
USC00356500,13460
USC00356532,13460
USC00356540,25840
USC00356541,25840
USC00356550,25840
USC00356634,25840
USC00356749,38900
USC00356750,38900
USC00356784,15060
USC00356795,15060
USC00356820,18300
USC00356883,13460
USC00356907,32780
USC00357050,13460
USC00357112,40700
USC00357127,38900
USC00357160,12520
USC00357169,40700
USC00357208,36620
USC00357250,12520
USC00357277,36620
USC00357310,36620
USC00357331,40700
USC00357391,32780
USC00357466,38900
USC00357554,10540
USC00357631,38900
USC00357641,11820
USC00357736,36620
USC00357809,41420
USC00357823,41420
USC00357857,13460
USC00357940,40700
USC00358095,41420
USC00358246,13460
USC00358260,40700
USC00358407,45520
USC00358466,38900
USC00358536,40700
USC00358634,38900
USC00358746,29260
USC00358788,40700
USC00358797,36620
USC00358884,38900
USC00359083,10540
USC00359176,36620
USC00359316,13460
USC00359372,41420
USC00359390,24420
USC00359461,40700
USC00359588,35440
USC00360022,38300
USC00360132,11020
USC00360140,11020
USC00360147,30820
USC00360457,44980
USC00360475,38300
USC00360482,42780
USC00360488,39740
USC00360582,14100
USC00360656,23900
USC00360763,25420
USC00360785,39740
USC00360821,43740
USC00360861,38300
USC00360868,14620
USC00361073,43740
USC00361080,37980
USC00361139,38300
USC00361207,20700
USC00361212,42380
USC00361350,38300
USC00361354,16540
USC00361362,47620
USC00361377,38300
USC00361480,44300
USC00361505,10900
USC00361526,14620
USC00361591,37980
USC00361705,43740
USC00361726,38300
USC00361737,37980
USC00361920,25420
USC00362013,44980
USC00362071,25420
USC00362108,38300
USC00362183,38300
USC00362190,38300
USC00362298,27780
USC00362470,27780
USC00362537,23900
USC00362574,38300
USC00362942,38300
USC00363018,42540
USC00363028,36340
USC00363226,23900
USC00363293,43740
USC00363311,41260
USC00363321,37980
USC00363343,38300
USC00363417,20180
USC00363437,37980
USC00363451,38300
USC00363632,39740
USC00363665,23900
USC00363698,25420
USC00363758,25770
USC00363928,43740
USC00364047,37980
USC00364076,39740
USC00364214,26860
USC00364325,32740
USC00364432,14620
USC00364571,47620
USC00364763,29540
USC00364778,29540
USC00364836,38300
USC00364839,43740
USC00364853,30260
USC00364896,30140
USC00364934,10900
USC00364976,30260
USC00364992,30380
USC00365050,32740
USC00365109,30820
USC00365212,38300
USC00365344,39060
USC00365390,37980
USC00365470,25770
USC00365573,38300
USC00365651,25850
USC00365686,43740
USC00365724,30260
USC00365790,44300
USC00365902,38300
USC00365918,38300
USC00365956,39740
USC00366042,38300
USC00366111,38300
USC00366151,38300
USC00366194,37980
USC00366233,38300
USC00366238,29540
USC00366289,49620
USC00366310,38300
USC00366370,37980
USC00366508,29540
USC00366681,37980
USC00366886,37980
USC00366921,44300
USC00366927,37980
USC00366955,25420
USC00367103,14620
USC00367167,27780
USC00367229,38300
USC00367312,26500
USC00367313,26500
USC00367322,39740
USC00367338,38300
USC00367409,30820
USC00367477,41260
USC00367578,39740
USC00367732,29540
USC00367735,38300
USC00367782,38300
USC00367863,38300
USC00367931,42780
USC00367938,37980
USC00368057,42540
USC00368073,25420
USC00368184,38300
USC00368244,43740
USC00368308,16540
USC00368361,32740
USC00368379,49620
USC00368400,10900
USC00368449,44300
USC00368570,39740
USC00368596,20700
USC00368668,44980
USC00368758,39060
USC00368763,39060
USC00368888,32740
USC00368905,42380
USC00368959,42380
USC00369022,11020
USC00369042,21500
USC00369050,38300
USC00369191,37980
USC00369298,47620
USC00369318,38300
USC00369464,37980
USC00369714,11020
USC00369735,48700
USC00369933,49620
USC00369950,49620
USC00370897,39300
USC00371875,39300
USC00374266,39300
USC00375215,39300
USC00375270,39300
USC00377581,39300
USC00379423,39300
USC00380072,12260
USC00380074,12260
USC00380165,24860
USC00380184,34680
USC00380204,24940
USC00380506,17900
USC00380559,25940
USC00380613,24860
USC00381093,34680
USC00381256,24860
USC00381277,24940
USC00381310,17900
USC00381462,16740
USC00381479,17900
USC00381530,35140
USC00381625,43900
USC00381633,16740
USC00381770,24860
USC00381804,24860
USC00381814,24860
USC00381944,17900
USC00381997,34820
USC00382260,22500
USC00382711,12260
USC00382712,12260
USC00382735,16700
USC00382757,22500
USC00383111,22500
USC00383145,24860
USC00383216,16740
USC00383356,23500
USC00383433,23500
USC00383470,34680
USC00383525,16700
USC00383665,12260
USC00383700,16740
USC00383735,24860
USC00383754,24940
USC00383758,24940
USC00383990,22500
USC00384111,34680
USC00384205,36700
USC00384449,16700
USC00384581,42860
USC00384607,12260
USC00384886,22500
USC00384896,35140
USC00385017,24860
USC00385200,35140
USC00385232,43900
USC00385278,42860
USC00385362,17900
USC00385628,16700
USC00385946,16700
USC00386153,34820
USC00386209,35140
USC00386293,23500
USC00386299,36700
USC00386527,36700
USC00386688,17900
USC00386775,17900
USC00386831,24860
USC00387631,17900
USC00387666,17900
USC00387687,24860
USC00387722,43900
USC00388188,43900
USC00388405,16700
USC00388426,16700
USC00388440,44940
USC00388472,24860
USC00388706,24860
USC00388786,43900
USC00388879,12260
USC00388887,42860
USC00388951,24940
USC00388979,17900
USC00389039,44940
USC00389122,24860
USC00389327,17900
USC00389350,16740
USC00389412,43900
USC00389625,16740
USC00390022,10100
USC00390128,33580
USC00390422,15100
USC00390553,10100
USC00390554,43940
USC00390760,38180
USC00390834,10100
USC00391032,43620
USC00391076,15100
USC00391392,43620
USC00391579,46820
USC00391851,43620
USC00391873,10100
USC00392087,39660
USC00392207,43940
USC00392565,39660
USC00392647,39660
USC00392852,39660
USC00393029,33580
USC00393069,39660
USC00393076,38180
USC00393456,10100
USC00393608,38180
USC00393764,39660
USC00393775,39660
USC00393868,39660
USC00394206,10100
USC00394343,39660
USC00394834,43940
USC00395228,43620
USC00395325,39660
USC00395360,43620
USC00395648,38180
USC00395669,33580
USC00395671,33580
USC00395733,43620
USC00395738,43620
USC00395870,39660
USC00396170,38180
USC00396427,39660
USC00396636,39660
USC00396947,39660
USC00396948,39660
USC00396969,47980
USC00397073,39660
USC00397227,39660
USC00397277,10100
USC00397666,43620
USC00397882,43940
USC00398622,46820
USC00398911,39660
USC00398930,47980
USC00398931,47980
USC00399138,10100
USC00399347,39660
USC00400049,27180
USC00400137,32820
USC00400284,11940
USC00400580,34980
USC00400669,34980
USC00401039,34980
USC00401480,34980
USC00401585,34980
USC00401587,34980
USC00401640,34980
USC00401663,34980
USC00401720,34980
USC00401790,17300
USC00401795,17300
USC00401808,17420
USC00401950,32820
USC00401957,34980
USC00402009,18260
USC00402108,32820
USC00402202,18900
USC00402388,11940
USC00402489,34980
USC00402589,17300
USC00402600,32280
USC00402680,20540
USC00402806,27740
USC00402934,27740
USC00402989,34980
USC00403074,22190
USC00403280,34980
USC00403370,18260
USC00403379,34980
USC00403420,42940
USC00403447,32820
USC00403465,34980
USC00403636,34980
USC00403679,24620
USC00403938,34980
USC00404033,27180
USC00404561,27180
USC00404568,27180
USC00404613,34100
USC00404858,28700
USC00404871,28940
USC00404876,34980
USC00404946,28940
USC00404987,34980
USC00405040,28940
USC00405085,29980
USC00405089,29980
USC00405108,34980
USC00405118,34980
USC00405158,28940
USC00405187,30280
USC00405332,18260
USC00405431,16860
USC00405525,46100
USC00405595,46100
USC00405681,32280
USC00405882,32660
USC00405956,32820
USC00406012,27180
USC00406162,16860
USC00406170,18260
USC00406180,34980
USC00406271,34100
USC00406272,34100
USC00406274,32820
USC00406328,42940
USC00406340,34980
USC00406371,34980
USC00406374,34980
USC00406403,34980
USC00406435,34980
USC00406493,28940
USC00406500,42940
USC00406534,35460
USC00406619,28940
USC00406803,34980
USC00406806,34980
USC00406977,37540
USC00407359,34980
USC00407770,27740
USC00407808,32660
USC00407834,28940
USC00407884,28700
USC00408065,46460
USC00408179,42940
USC00408184,49010
USC00408238,34980
USC00408242,43180
USC00408246,43180
USC00408414,34980
USC00408445,16860
USC00408450,32820
USC00408522,18260
USC00408562,34980
USC00408953,34980
USC00409065,28940
USC00409155,46100
USC00409157,46100
USC00409219,46460
USC00409431,34980
USC00409434,46100
USC00409691,16860
USC00409709,34980
USC00409800,49010
USC00409866,34980
USC00410012,38380
USC00410013,10180
USC00410071,11100
USC00410144,10860
USC00410190,27380
USC00410202,19100
USC00410204,26420
USC00410206,19100
USC00410213,11100
USC00410225,19620
USC00410235,26420
USC00410246,12420
USC00410248,11380
USC00410257,26420
USC00410268,10180
USC00410305,18580
USC00410313,48660
USC00410337,19100
USC00410404,11980
USC00410431,12420
USC00410433,12420
USC00410443,37580
USC00410498,45880
USC00410509,23240
USC00410518,19100
USC00410569,13060
USC00410586,26420
USC00410611,13140
USC00410613,13140
USC00410639,13300
USC00410655,26420
USC00410691,19100
USC00410781,13700
USC00410784,13700
USC00410805,18580
USC00410902,41700
USC00410923,14300
USC00410958,14420
USC00410991,37580
USC00411000,11100
USC00411033,11100
USC00411035,33420
USC00411045,17780
USC00411048,14780
USC00411063,19100
USC00411138,15220
USC00411148,29700
USC00411215,41700
USC00411246,19100
USC00411267,11100
USC00411314,17780
USC00411395,28500
USC00411429,41700
USC00411430,11100
USC00411433,41700
USC00411434,41700
USC00411490,19100
USC00411541,12420
USC00411625,44500
USC00411659,48660
USC00411663,41700
USC00411711,34860
USC00411736,41660
USC00411772,37580
USC00411800,19100
USC00411804,19100
USC00411810,26420
USC00411838,26420
USC00411870,26420
USC00411880,47020
USC00411920,41700
USC00411921,19100
USC00411956,26420
USC00411968,44860
USC00411990,28660
USC00412011,18580
USC00412012,21340
USC00412013,18580
USC00412019,18620
USC00412020,18620
USC00412040,23240
USC00412084,36220
USC00412086,47380
USC00412088,47380
USC00412096,24180
USC00412121,31180
USC00412206,26420
USC00412218,26420
USC00412225,34420
USC00412266,20900
USC00412334,19100
USC00412352,45500
USC00412354,21340
USC00412361,19620
USC00412404,19100
USC00412444,27380
USC00412446,30980
USC00412585,12420
USC00412598,44500
USC00412617,20300
USC00412633,48660
USC00412679,20580
USC00412758,32580
USC00412786,20900
USC00412794,21340
USC00412818,48660
USC00412820,12420
USC00412906,29700
USC00413005,28660
USC00413060,40100
USC00413063,10860
USC00413080,19100
USC00413133,19100
USC00413156,41700
USC00413171,28660
USC00413199,12420
USC00413201,41700
USC00413214,38380
USC00413215,38380
USC00413253,13700
USC00413266,21340
USC00413285,19100
USC00413289,19100
USC00413290,19100
USC00413321,17780
USC00413329,23240
USC00413340,26420
USC00413370,19100
USC00413401,41660
USC00413420,23620
USC00413485,28660
USC00413507,12420
USC00413546,30980
USC00413605,23240
USC00413618,47020
USC00413639,33420
USC00413675,24180
USC00413685,12420
USC00413686,12420
USC00413691,19100
USC00413734,19100
USC00413877,30980
USC00413890,10180
USC00413926,11100
USC00413943,15180
USC00413954,23240
USC00414081,30980
USC00414093,48660
USC00414098,25820
USC00414122,47380
USC00414254,41700
USC00414257,14300
USC00414313,26420
USC00414315,26420
USC00414321,26420
USC00414325,26420
USC00414326,26420
USC00414327,26420
USC00414333,26420
USC00414343,44500
USC00414348,19620
USC00414375,28500
USC00414382,26660
USC00414390,28660
USC00414458,28500
USC00414525,27380
USC00414556,12420
USC00414583,37420
USC00414597,19100
USC00414647,41700
USC00414679,19100
USC00414704,26420
USC00414705,19100
USC00414710,36220
USC00414757,41700
USC00414782,28500
USC00414792,28660
USC00414805,41700
USC00414810,28780
USC00414841,43660
USC00414878,13140
USC00414907,46620
USC00414911,32580
USC00414931,21340
USC00414960,10180
USC00414967,31180
USC00414972,19100
USC00414979,33420
USC00415018,28660
USC00415048,19620
USC00415060,29700
USC00415094,19100
USC00415097,10180
USC00415116,44500
USC00415158,33260
USC00415183,31180
USC00415192,19100
USC00415196,26420
USC00415221,46340
USC00415243,33420
USC00415284,12420
USC00415285,12420
USC00415341,30980
USC00415344,30980
USC00415409,31180
USC00415410,31180
USC00415415,31260
USC00415427,31260
USC00415429,12420
USC00415430,12420
USC00415435,13140
USC00415454,41700
USC00415611,47380
USC00415618,30980
USC00415659,13060
USC00415661,10860
USC00415667,45500
USC00415695,19100
USC00415701,32580
USC00415721,32580
USC00415742,41700
USC00415757,47380
USC00415766,19100
USC00415770,37420
USC00415836,32580
USC00415845,47380
USC00415852,10180
USC00415861,41660
USC00415875,37420
USC00415891,33260
USC00415897,19100
USC00416024,26420
USC00416058,47380
USC00416060,44500
USC00416074,31180
USC00416108,34420
USC00416130,23620
USC00416177,34860
USC00416210,18620
USC00416270,45500
USC00416273,41700
USC00416276,41700
USC00416280,26420
USC00416335,27380
USC00416367,28660
USC00416448,41700
USC00416502,36220
USC00416506,36220
USC00416510,36220
USC00416641,48660
USC00416664,13140
USC00416680,13140
USC00416766,33420
USC00416776,37420
USC00416777,37420
USC00416780,19620
USC00416781,19620
USC00416785,11100
USC00416794,37580
USC00416893,45880
USC00416932,36220
USC00417017,28660
USC00417028,19100
USC00417066,34420
USC00417079,38380
USC00417081,38380
USC00417111,41700
USC00417140,38920
USC00417170,18580
USC00417172,13140
USC00417176,18580
USC00417179,15180
USC00417184,39700
USC00417186,38920
USC00417206,31180
USC00417215,41700
USC00417327,10180
USC00417433,31180
USC00417458,39700
USC00417588,19100
USC00417594,26420
USC00417622,40100
USC00417628,41700
USC00417659,19100
USC00417677,18580
USC00417704,18580
USC00417707,19100
USC00417743,45020
USC00417773,19100
USC00417791,12420
USC00417841,27380
USC00417873,46620
USC00417944,41660
USC00417947,41700
USC00417981,32580
USC00417983,12420
USC00418040,14420
USC00418059,32580
USC00418139,48660
USC00418160,26420
USC00418169,41700
USC00418187,41700
USC00418232,31180
USC00418274,43300
USC00418311,13140
USC00418354,18580
USC00418358,41700
USC00418373,31180
USC00418415,12420
USC00418433,43660
USC00418446,17780
USC00418487,15180
USC00418544,41700
USC00418583,10180
USC00418646,28660
USC00418658,41700
USC00418696,33420
USC00418728,26420
USC00418743,44860
USC00418818,31180
USC00418845,41700
USC00418862,12420
USC00418877,23240
USC00418929,19100
USC00418942,45500
USC00418996,26420
USC00419076,26420
USC00419088,21340
USC00419122,10180
USC00419125,14300
USC00419153,28660
USC00419207,46340
USC00419224,11100
USC00419260,46620
USC00419313,41700
USC00419330,11100
USC00419346,46900
USC00419361,47020
USC00419365,47020
USC00419367,47020
USC00419417,47380
USC00419491,14780
USC00419499,41660
USC00419522,19100
USC00419532,19100
USC00419559,18580
USC00419588,32580
USC00419605,26420
USC00419649,15180
USC00419655,20900
USC00419711,31180
USC00419715,47380
USC00419815,12420
USC00419859,19100
USC00419962,28660
USC00419976,49820
USC00420061,39340
USC00420072,41620
USC00420487,21740
USC00420757,16260
USC00420819,36260
USC00420820,36260
USC00420900,16260
USC00420928,14940
USC00421144,39340
USC00421258,16260
USC00421259,16260
USC00421260,16260
USC00421446,41620
USC00421590,25720
USC00421759,41620
USC00421918,14940
USC00422057,25720
USC00422173,46860
USC00422235,41620
USC00422257,41620
USC00422385,25720
USC00422389,36260
USC00422558,41100
USC00422561,16260
USC00422696,39340
USC00422726,36260
USC00422852,39340
USC00422996,46860
USC00423097,41620
USC00423348,41620
USC00423486,14940
USC00423506,41100
USC00423809,25720
USC00424135,36260
USC00424174,41620
USC00424342,46860
USC00424362,41620
USC00424467,25720
USC00424748,41620
USC00424856,21740
USC00424968,41100
USC00425065,39340
USC00425138,39340
USC00425182,30860
USC00425186,30860
USC00425194,30860
USC00425252,41100
USC00425268,46860
USC00425826,36260
USC00425892,41620
USC00426135,39340
USC00426181,41100
USC00426404,36260
USC00426405,36260
USC00426414,36260
USC00426538,39340
USC00426568,46860
USC00426644,25720
USC00426708,39340
USC00426869,36260
USC00426919,39340
USC00426938,14940
USC00427026,39220
USC00427064,39340
USC00427165,21740
USC00427271,30860
USC00427395,46860
USC00427408,14940
USC00427516,41100
USC00427606,41620
USC00427655,41620
USC00427686,39340
USC00427724,39220
USC00427729,39220
USC00427846,41620
USC00427909,25720
USC00427942,25720
USC00428119,39340
USC00428456,16260
USC00428465,39340
USC00428476,39220
USC00428478,39220
USC00428668,14940
USC00428733,39340
USC00428771,41620
USC00428817,14940
USC00428828,30860
USC00428973,39340
USC00428978,14940
USC00429111,46860
USC00429133,41620
USC00429136,41100
USC00429165,25720
USC00429346,36260
USC00429368,39220
USC00429595,21740
USC00429717,41100
USC00430661,30150
USC00430940,30150
USC00431243,30150
USC00431363,30150
USC00431433,40860
USC00431565,30150
USC00432769,15540
USC00432773,15540
USC00432843,15540
USC00434747,30150
USC00434749,30150
USC00435273,12740
USC00435733,12740
USC00435768,30150
USC00435982,30150
USC00436335,13540
USC00436391,12740
USC00436500,13540
USC00436893,30150
USC00436995,40860
USC00437032,15540
USC00437607,15540
USC00437646,30150
USC00438160,13540
USC00438556,30150
USC00438637,12740
USC00438640,12740
USC00439591,14710
USC00439984,30150
USC00439988,12740
USC00440021,28700
USC00440166,31340
USC00440187,40060
USC00440243,31340
USC00440327,40060
USC00440551,31340
USC00440561,31340
USC00440766,13980
USC00440860,47900
USC00440993,16820
USC00441082,31340
USC00441121,40220
USC00441209,14140
USC00441593,16820
USC00441614,19260
USC00441692,13980
USC00441955,31340
USC00441999,13980
USC00442064,44420
USC00442142,40060
USC00442208,25500
USC00442245,19260
USC00442400,40060
USC00443071,13980
USC00443204,47900
USC00443213,16820
USC00443229,47900
USC00443397,13980
USC00444039,31340
USC00444044,47260
USC00444101,40060
USC00444148,31340
USC00444676,13980
USC00444909,47900
USC00445117,31340
USC00445204,47900
USC00445300,32300
USC00445690,16820
USC00445700,16820
USC00445851,47900
USC00445853,47900
USC00446012,40220
USC00446147,47260
USC00446161,47260
USC00446491,16820
USC00446593,31340
USC00446656,40060
USC00446692,32300
USC00446712,29470
USC00446906,40060
USC00446955,13980
USC00446999,13980
USC00447174,14140
USC00447278,40220
USC00447338,40220
USC00447541,40060
USC00447904,29470
USC00447985,47900
USC00448022,13980
USC00448046,49020
USC00448062,44420
USC00448084,47900
USC00448129,40060
USC00448192,47260
USC00448396,47900
USC00448600,16820
USC00448737,47900
USC00448800,40060
USC00448829,40060
USC00448837,47260
USC00448888,47900
USC00448941,44420
USC00449025,40060
USC00449151,47260
USC00449169,13980
USC00449181,49020
USC00449186,49020
USC00449213,40060
USC00450008,10140
USC00450013,10140
USC00450176,34580
USC00450257,42660
USC00450294,30300
USC00450456,42660
USC00450482,38900
USC00450587,13380
USC00450729,13380
USC00450872,14740
USC00450945,42660
USC00451160,38900
USC00451233,42660
USC00451276,16500
USC00451350,48300
USC00451395,44060
USC00451400,48300
USC00451414,39040
USC00451484,13380
USC00451496,39040
USC00451504,21260
USC00451630,44060
USC00451679,34580
USC00451690,28420
USC00451691,28420
USC00451760,38900
USC00451767,34180
USC00451783,36020
USC00451939,43220
USC00451992,42660
USC00452157,13380
USC00452220,16500
USC00452384,21260
USC00452505,21260
USC00452507,21260
USC00452531,10140
USC00452542,28420
USC00452548,38820
USC00452563,48300
USC00452675,42660
USC00452914,38820
USC00453177,16500
USC00453320,10140
USC00453529,34180
USC00453546,28420
USC00453730,48300
USC00453826,10140
USC00453883,47460
USC00454084,31020
USC00454154,28420
USC00454169,42660
USC00454338,39420
USC00454486,42660
USC00454572,48300
USC00454679,36830
USC00454764,42660
USC00454769,31020
USC00455086,43220
USC00455110,16500
USC00455224,42660
USC00455231,28420
USC00455305,31020
USC00455387,47460
USC00455525,42660
USC00455678,34580
USC00455688,49420
USC00455704,42660
USC00455840,13380
USC00455946,44060
USC00456262,16500
USC00456295,42660
USC00456534,48300
USC00456624,38820
USC00456678,39040
USC00456706,14740
USC00456747,34180
USC00456768,28420
USC00456789,39420
USC00456846,39040
USC00456880,34180
USC00456898,42660
USC00457015,28420
USC00457059,36830
USC00457180,39420
USC00457185,13380
USC00457247,28420
USC00457267,39420
USC00457507,34580
USC00457522,49420
USC00457544,38820
USC00457696,38900
USC00457727,34180
USC00457773,42660
USC00457941,44060
USC00458034,42660
USC00458059,48300
USC00458207,49420
USC00458211,49420
USC00458278,42660
USC00458508,42660
USC00458715,13380
USC00458773,38900
USC00458959,49420
USC00459012,48300
USC00459021,42660
USC00459074,48300
USC00459200,47460
USC00459463,49420
USC00460094,34060
USC00460202,13220
USC00460355,14140
USC00460580,13220
USC00460925,14140
USC00461324,25180
USC00461579,16620
USC00461677,17220
USC00461723,16620
USC00462054,37620
USC00462151,21180
USC00462462,13220
USC00462522,26580
USC00462920,21900
USC00463464,21180
USC00464397,26580
USC00464840,19060
USC00464971,21180
USC00465002,34060
USC00465365,16620
USC00465563,16620
USC00465626,21900
USC00465706,25180
USC00466212,34060
USC00466248,48540
USC00466442,48260
USC00466591,13220
USC00466912,26580
USC00466989,21180
USC00467018,48540
USC00467207,14140
USC00467730,49020
USC00467785,34060
USC00467852,16620
USC00468191,16620
USC00468777,34060
USC00468986,17220
USC00469458,17220
USC00469482,48540
USC00469683,26580
USC00470045,27500
USC00470080,33340
USC00470265,11540
USC00470273,31540
USC00470308,31540
USC00470382,20740
USC00470456,49220
USC00470486,33460
USC00470516,12660
USC00470645,13180
USC00470652,33340
USC00470696,27500
USC00470904,20740
USC00470929,31540
USC00471062,33340
USC00471064,11540
USC00471078,31540
USC00471131,20260
USC00471205,39540
USC00471280,43890
USC00471287,43890
USC00471308,32860
USC00471416,31540
USC00471568,11540
USC00471578,20740
USC00471605,43100
USC00471667,27500
USC00471681,13180
USC00471790,13180
USC00471897,31940
USC00471923,39960
USC00472051,48580
USC00472055,24580
USC00472173,31540
USC00472425,20740
USC00472447,48140
USC00472556,33460
USC00472826,27020
USC00472839,22540
USC00472842,22540
USC00472869,48020
USC00472889,20260
USC00473038,29100
USC00473058,33340
USC00473116,43100
USC00473174,31940
USC00473186,20260
USC00473198,33340
USC00473268,24580
USC00473271,24580
USC00473391,33340
USC00473453,33340
USC00473650,29100
USC00473654,29100
USC00473661,43100
USC00473698,20740
USC00473756,13180
USC00473820,13180
USC00473930,33340
USC00474027,20740
USC00474108,48020
USC00474174,28450
USC00474195,24580
USC00474366,29100
USC00474373,29100
USC00474404,29100
USC00474457,48580
USC00474482,48020
USC00474523,24580
USC00474546,38420
USC00474790,31540
USC00475017,31820
USC00475091,31940
USC00475120,49220
USC00475189,31540
USC00475335,32860
USC00475471,31540
USC00475473,27500
USC00475474,33340
USC00475499,33340
USC00475573,31540
USC00475674,31540
USC00475932,11540
USC00476200,33340
USC00476208,24580
USC00476280,29100
USC00476330,36780
USC00476380,28450
USC00476390,31540
USC00476413,20260
USC00476420,48580
USC00476510,31940
USC00476646,38420
USC00476678,43100
USC00476718,31540
USC00476764,33340
USC00476874,24580
USC00476922,39540
USC00477052,12660
USC00477121,48140
USC00477132,39960
USC00477148,33340
USC00477174,39960
USC00477209,22540
USC00477226,33460
USC00477230,33460
USC00477314,39540
USC00477319,12660
USC00477349,48140
USC00477576,12660
USC00477581,33340
USC00477708,43020
USC00477725,43100
USC00477761,11540
USC00477796,33340
USC00477892,20260
USC00477964,33340
USC00477997,43890
USC00478080,33460
USC00478110,20740
USC00478171,44620
USC00478190,43020
USC00478229,31540
USC00478241,48140
USC00478316,48020
USC00478349,20260
USC00478376,24580
USC00478540,13180
USC00478589,49100
USC00478672,31820
USC00478723,39540
USC00478827,29100
USC00478910,48020
USC00478919,48020
USC00478937,33340
USC00478969,48140
USC00478978,31940
USC00479046,33340
USC00479050,33340
USC00479052,33340
USC00479053,33340
USC00479062,29100
USC00479190,48020
USC00479319,31540
USC00479335,49220
USC00479345,49220
USC00480080,16940
USC00480140,27220
USC00480270,16940
USC00480432,40180
USC00480552,16220
USC00480680,43260
USC00480761,40540
USC00481000,40180
USC00481131,40540
USC00481142,16940
USC00481175,17650
USC00481220,43260
USC00481284,40180
USC00481547,16940
USC00481569,16220
USC00481572,16220
USC00481610,29660
USC00481676,16940
USC00481687,16940
USC00481736,21740
USC00481775,17650
USC00481816,43260
USC00481840,17650
USC00481850,17650
USC00481855,17650
USC00482375,27220
USC00482399,43260
USC00482580,23940
USC00482595,40180
USC00482680,29660
USC00482715,40180
USC00482881,23940
USC00483100,21740
USC00483170,40540
USC00483855,23940
USC00484065,40540
USC00484411,17650
USC00484442,16940
USC00484799,43260
USC00484910,27220
USC00484925,40180
USC00485345,27220
USC00485355,17650
USC00485392,40180
USC00485417,29660
USC00485435,29660
USC00485506,43260
USC00485703,21740
USC00486195,16220
USC00486428,27220
USC00486440,27220
USC00486555,21740
USC00486845,27220
USC00487031,17650
USC00487105,16220
USC00487115,40180
USC00487236,16940
USC00487240,16940
USC00487375,16220
USC00487376,16220
USC00487388,17650
USC00487760,40180
USC00487847,40540
USC00488160,43260
USC00488209,40180
USC00488315,27220
USC00488385,40180
USC00488626,43260
USC00488758,17650
USC00488808,29660
USC00489025,17650
USC00489459,40540
USC00489467,17650
USC00489580,23940
USC00489805,23940
USC00489902,17650
USC00489905,17650
USC00500243,11260
USC00500247,11260
USC00500275,11260
USC00500281,11260
USC00500284,11260
USC00500302,11260
USC00500363,27940
USC00500464,27940
USC00500490,21820
USC00500657,28540
USC00500707,11260
USC00501220,11260
USC00501926,11260
USC00502107,21820
USC00502112,21820
USC00502610,27940
USC00502642,11260
USC00502645,11260
USC00502656,11260
USC00502707,21820
USC00502737,11260
USC00502870,21820
USC00502871,21820
USC00502965,21820
USC00502970,21820
USC00503160,21820
USC00503163,11260
USC00503181,21820
USC00503275,21820
USC00503299,11260
USC00503368,21820
USC00503573,11260
USC00504094,27940
USC00504103,27940
USC00504107,27940
USC00504109,27940
USC00504112,27940
USC00504594,28540
USC00504621,21820
USC00505397,11260
USC00505464,11260
USC00505527,11260
USC00505733,11260
USC00505880,21820
USC00506581,21820
USC00506870,11260
USC00507783,11260
USC00508584,27940
USC00508915,11260
USC00509489,21820
USC00509641,21820
USC00509790,11260
USC00509861,11260
USC00509891,21820
USC00510123,46520
USC00510211,46520
USC00510248,46520
USC00510350,46520
USC00510746,25900
USC00511004,27980
USC00511065,25900
USC00511086,27980
USC00511125,27980
USC00511303,25900
USC00511856,25900
USC00511880,25900
USC00511918,46520
USC00511925,46520
USC00512558,27980
USC00512595,25900
USC00512679,27980
USC00512802,25900
USC00512896,27980
USC00512960,46520
USC00512982,25900
USC00513054,25900
USC00513099,28180
USC00513117,46520
USC00513208,46520
USC00513300,25900
USC00513317,27980
USC00513368,25900
USC00513376,25900
USC00513541,27980
USC00513910,27980
USC00513911,25900
USC00514080,25900
USC00514459,25900
USC00514489,27980
USC00514500,46520
USC00514561,28180
USC00514758,28180
USC00514765,25900
USC00514806,27980
USC00514829,46520
USC00515000,27980
USC00515004,27980
USC00515275,27980
USC00515286,27980
USC00515330,25900
USC00515710,28180
USC00515715,27980
USC00515758,46520
USC00515761,25900
USC00515842,27980
USC00515864,28180
USC00516122,46520
USC00516128,46520
USC00516130,46520
USC00516190,27980
USC00516270,25900
USC00516304,25900
USC00516395,46520
USC00516588,25900
USC00516928,46520
USC00516933,46520
USC00517000,27980
USC00517166,25900
USC00517209,25900
USC00517312,25900
USC00517437,25900
USC00517540,46520
USC00517566,27980
USC00517656,46520
USC00517664,46520
USC00517724,25900
USC00517810,46520
USC00518055,46520
USC00518060,27980
USC00518086,25900
USC00518101,25900
USC00518165,28180
USC00518316,46520
USC00518386,25900
USC00518407,27980
USC00518422,25900
USC00518500,46520
USC00518543,27980
USC00518549,27980
USC00518552,25900
USC00518600,25900
USC00518652,25900
USC00518688,27980
USC00518815,46520
USC00518838,46520
USC00519025,25900
USC00519142,25900
USC00519144,25900
USC00519185,46520
USC00519231,46520
USC00519275,27980
USC00519281,46520
USC00519315,27980
USC00519376,27980
USC00519397,46520
USC00519523,46520
USC00519603,46520
USC00519629,28180
USC00519980,46520
USS0003E03S,39660
USS0003E05S,43940
USS0005G05S,29660
USS0005H02S,29660
USS0005J05S,14500
USS0005J06S,22660
USS0005J08S,14500
USS0005J11S,22660
USS0005J18S,14500
USS0005J27S,22660
USS0005J28S,22660
USS0005J37S,22660
USS0005J39S,22660
USS0005J40S,22660
USS0005J41S,14500
USS0005J42S,14500
USS0005J45S,14500
USS0005K05S,19740
USS0005K09S,14720
USS0005K26S,19740
USS0005K27S,19740
USS0005K28S,19740
USS0005L11S,17820
USS0005M03S,10480
USS0005M08S,10480
USS0005M17S,10480
USS0005N04S,45340
USS0005N11S,45340
USS0005N13S,45340
USS0005N14S,45340
USS0005N16S,45340
USS0005N18S,45340
USS0005N23S,45340
USS0005N24S,45340
USS0005P04S,42140
USS0005P08S,29780
USS0005P09S,42140
USS0005R01S,40760
USS0006G01S,16220
USS0006G02S,16220
USS0006H13S,29660
USS0006H22S,44460
USS0006H24S,29660
USS0006J01S,44460
USS0006J06S,44460
USS0006J09S,44460
USS0006J12S,22660
USS0006J15S,44460
USS0006J29S,44460
USS0006J38S,44460
USS0006K01S,19740
USS0006K04S,40090
USS0006K06S,40090
USS0006K08S,14720
USS0006K10S,40090
USS0006K14S,14720
USS0006K16S,19740
USS0006K24S,14720
USS0006K29S,14720
USS0006K30S,40090
USS0006K39S,20780
USS0006K40S,14720
USS0006K43S,19740
USS0006K44S,20780
USS0006K45S,20780
USS0006K46S,40090
USS0006M22S,10480
USS0006M23S,10480
USS0006N03S,21580
USS0006N04S,21580
USS0006N14S,21580
USS0006N15S,21580
USS0006N16S,21580
USS0006P01S,31060
USS0006P10S,21580
USS0007E12S,43260
USS0007E32S,43260
USS0007E33S,43260
USS0007E34S,43260
USS0007E39S,43260
USS0007F06S,16220
USS0007J03S,44460
USS0007K12S,40090
USS0007K13S,40090
USS0007M31S,20420
USS0007M34S,20420
USS0007S03S,43500
USS0008G03S,40180
USS0008G07S,40180
USS0008G10S,40180
USS0008K04S,24300
USS0008L02S,33940
USS0008M10S,20420
USS0008N03S,22140
USS0008T01S,43500
USS0009D16S,13740
USS0009D21S,13740
USS0009E03S,17650
USS0009E07S,17650
USS0009E08S,17650
USS0009E09S,17650
USS0009E10S,17650
USS0009E11S,17650
USS0009E13S,17650
USS0009F04S,40180
USS0009F08S,40180
USS0009F18S,17650
USS0009F20S,40180
USS0009F24S,17650
USS0009F25S,40180
USS0009F27S,40180
USS0009G03S,40180
USS0009J01S,46860
USS0009J05S,46860
USS0009J16S,46860
USS0010D10S,14580
USS0010D13S,14580
USS0010D16S,14580
USS0010D35S,14580
USS0010E03S,17650
USS0010E06S,17650
USS0010E07S,27220
USS0010E09S,27220
USS0010E12S,27220
USS0010E15S,27220
USS0010E17S,27220
USS0010E20S,17650
USS0010F02S,27220
USS0010F09S,27220
USS0010F19S,27220
USS0010F23S,27220
USS0010F29S,27220
USS0010F30S,27220
USS0010J01S,25720
USS0010J04S,25720
USS0010J06S,25720
USS0010J17S,25720
USS0010J20S,25720
USS0010J21S,25720
USS0010J22S,25720
USS0010J23S,25720
USS0010J35S,25720
USS0010J44S,25720
USS0010J52S,25720
USS0010J55S,25720
USS0010K02S,25720
USS0010K06S,39220
USS0010R04S,43320
USS0010S01S,37740
USS0011C04S,25740
USS0011E07S,14580
USS0011E10S,39940
USS0011E29S,14580
USS0011E30S,14580
USS0011E31S,14580
USS0011E35S,14580
USS0011E36S,39940
USS0011E38S,14580
USS0011F02S,27220
USS0011F11S,13940
USS0011G06S,30860
USS0011G30S,38540
USS0011G32S,30860
USS0011H01S,30860
USS0011H03S,30860
USS0011H07S,21740
USS0011H08S,36260
USS0011H21S,36260
USS0011H25S,30860
USS0011H30S,36260
USS0011H31S,36260
USS0011H32S,36260
USS0011H36S,30860
USS0011H37S,21740
USS0011H55S,30860
USS0011H57S,30860
USS0011H58S,30860
USS0011H59S,36260
USS0011H60S,30860
USS0011J01S,25720
USS0011J02S,25720
USS0011J06S,25720
USS0011J08S,25720
USS0011J11S,36260
USS0011J12S,36260
USS0011J21S,39340
USS0011J22S,39340
USS0011J23S,25720
USS0011J32S,25720
USS0011J37S,36260
USS0011J42S,41620
USS0011J46S,25720
USS0011J52S,41620
USS0011J53S,25720
USS0011J56S,25720
USS0011J57S,41620
USS0011J64S,41620
USS0011J65S,41620
USS0011J68S,36260
USS0011J69S,41620
USS0011J70S,39340
USS0011K21S,39340
USS0011K22S,39340
USS0011K36S,39340
USS0011K52S,39340
USS0011P02S,22380
USS0011P08S,22380
USS0011P13S,22380
USS0011R03S,22380
USS0011R05S,22380
USS0011R06S,22380
USS0011R10S,22380
USS0011R12S,22380
USS0011R13S,22380
USS0012B14S,25740
USS0012B16S,25740
USS0012B17S,25740
USS0012C11S,25740
USS0012C13S,25740
USS0012C22S,25740
USS0012D09S,15580
USS0012G17S,38540
USS0012G18S,14940
USS0012J02S,41620
USS0012J06S,41620
USS0012J07S,41620
USS0012J09S,41620
USS0012K01S,41620
USS0012M03S,16260
USS0012M11S,16260
USS0012M13S,16260
USS0012M14S,16260
USS0012M17S,16260
USS0012M23S,16260
USS0012P01S,22380
USS0012P02S,22380
USS0013A15S,28060
USS0013A19S,28060
USS0013A24S,28060
USS0013A25S,28060
USS0013B07S,33540
USS0013B22S,33540
USS0013C01S,33540
USS0013C38S,33540
USS0013F04S,25200
USS0013F09S,25200
USS0013G01S,15420
USS0013H05S,14940
USS0013M02S,41100
USS0013M04S,41100
USS0013M05S,16260
USS0013M06S,41100
USS0013M07S,41100
USS0014A14S,28060
USS0014B04S,28060
USS0014F03S,25200
USS0014F04S,25200
USS0014F08S,25200
USS0014F11S,25200
USS0014F12S,25200
USS0014F16S,25200
USS0014F17S,25200
USS0014F19S,25200
USS0014G01S,15420
USS0014G02S,46300
USS0014H04S,21220
USS0015C10S,33540
USS0015E09S,14260
USS0015E11S,14260
USS0015F01S,14260
USS0015F04S,34300
USS0015F05S,34300
USS0015F06S,34300
USS0015F09S,34300
USS0015F14S,34300
USS0015G02S,46300
USS0015H01S,21220
USS0015H03S,21220
USS0015H04S,21220
USS0015H09S,21220
USS0015H14S,21220
USS0015H19S,21220
USS0015H20S,21220
USS0015H24S,21220
USS0015J01S,21220
USS0015J06S,21220
USS0015J09S,21220
USS0015J12S,21220
USS0015J15S,21220
USS0015J22S,21220
USS0015K03S,21220
USS0015K04S,21220
USS0015N09S,29820
USS0015N10S,29820
USS0015N11S,29820
USS0016A08S,41760
USS0016A10S,41760
USS0016C01S,34140
USS0016C02S,34140
USS0016F02S,14260
USS0016F08S,14260
USS0016G01S,14260
USS0016G07S,14260
USS0016H02S,21220
USS0016H03S,21220
USS0016H04S,21220
USS0016H05S,21220
USS0016H06S,21220
USS0016H07S,21220
USS0016H08S,21220
USS0016H11S,21220
USS0017B04S,44060
USS0017B06S,17660
USS0017C06S,30300
USS0017D06S,29260
USS0017D07S,29260
USS0017D08S,12520
USS0017H02S,49080
USS0017H07S,49080
USS0017H08S,49080
USS0017J02S,49080
USS0018D04S,25840
USS0018D06S,25840
USS0018D08S,25840
USS0018D09S,29260
USS0018D19S,25840
USS0018D20S,25840
USS0018D21S,29260
USS0018E03S,12520
USS0018E05S,12520
USS0018E09S,12520
USS0018H01S,49080
USS0018H02S,49080
USS0019D02S,25840
USS0019D03S,25840
USS0019K04S,16180
USS0019K07S,39900
USS0019K08S,39900
USS0019L03S,40900
USS0019L05S,23820
USS0019L06S,23820
USS0019L19S,23820
USS0019L24S,40900
USS0019L39S,23820
USS0019L40S,23820
USS0019L41S,23820
USS0019L43S,23820
USS0019L44S,23820
USS0019L45S,23820
USS0020A05S,13380
USS0020A07S,34580
USS0020A09S,34580
USS0020A12S,48300
USS0020A23S,48300
USS0020A41S,34580
USS0020A46S,48300
USS0020B02S,48300
USS0020B07S,48300
USS0020B11S,21260
USS0020B24S,48300
USS0020B25S,21260
USS0020E02S,13460
USS0020G12S,28900
USS0020K05S,46020
USS0020K13S,40900
USS0020K25S,40900
USS0020K27S,40900
USS0020K30S,40900
USS0020K31S,46020
USS0020L02S,40900
USS0020L06S,40900
USS0020L10S,40900
USS0021A01S,13380
USS0021A09S,13380
USS0021A31S,13380
USS0021A32S,13380
USS0021A35S,13380
USS0021A36S,13380
USS0021B01S,48300
USS0021B04S,21260
USS0021B10S,42660
USS0021B13S,42660
USS0021B17S,42660
USS0021B20S,42660
USS0021B21S,42660
USS0021B31S,42660
USS0021B42S,42660
USS0021B48S,42660
USS0021B50S,42660
USS0021B51S,21260
USS0021B55S,21260
USS0021B59S,42660
USS0021B60S,42660
USS0021B62S,42660
USS0021B63S,42660
USS0021C10S,49420
USS0021C13S,38900
USS0021C14S,49420
USS0021C17S,49420
USS0021C20S,38900
USS0021C26S,38900
USS0021C28S,49420
USS0021C33S,16500
USS0021C35S,16500
USS0021C38S,49420
USS0021C39S,49420
USS0021C40S,42660
USS0021C41S,42660
USS0021C42S,38900
USS0021C43S,16500
USS0021C44S,38900
USS0021D01S,26220
USS0021D04S,26220
USS0021D08S,38900
USS0021D12S,45520
USS0021D13S,38900
USS0021D14S,38900
USS0021D33S,38900
USS0021D35S,38900
USS0021E04S,10540
USS0021E05S,10540
USS0021E06S,10540
USS0021E07S,21660
USS0021E13S,13460
USS0021F10S,28900
USS0021F21S,13460
USS0021F22S,28900
USS0021G03S,28900
USS0021G04S,28900
USS0021G16S,28900
USS0021G17S,28900
USS0022C09S,38900
USS0022C10S,31020
USS0022C12S,38900
USS0022C13S,38900
USS0022D01S,38900
USS0022D02S,38900
USS0022D03S,38900
USS0022E07S,10540
USS0022E08S,10540
USS0022E09S,10540
USS0022E10S,10540
USS0022E11S,10540
USS0022F03S,28900
USS0022F04S,21660
USS0022F05S,21660
USS0022F14S,28900
USS0022F18S,40700
USS0022F42S,21660
USS0022F43S,21660
USS0022F45S,40700
USS0022G06S,28900
USS0022G12S,28900
USS0022G13S,28900
USS0022G14S,32780
USS0022G21S,32780
USS0022G24S,28900
USS0022G26S,32780
USS0022G33S,28900
USS0023B06S,39040
USS0023B16S,38820
USS0023B17S,38820
USS0023B18S,39040
USS0023D01S,38900
USS0023D02S,38900
USS0023D03S,38900
USS0023G09S,32780
USS0023G15S,24420
USS0033J01S,27940
USS0044Q07S,21820
USS0045P03S,21820
USS0045Q02S,21820
USS0046P01S,21820
USS0046Q01S,21820
USS0046Q02S,21820
USS0047O01S,11260
USS0048M04S,11260
USS0049L01S,11260
USS0049M08S,11260
USS0049M22S,11260
USS0049M26S,11260
USS0050M01S,11260
USS0050N05S,11260
USS0050N07S,11260
USW00003016,40090
USW00003017,19740
USW00003024,14420
USW00003027,10740
USW00003030,25100
USW00003031,36220
USW00003055,25100
USW00003060,33940
USW00003062,10740
USW00003074,29740
USW00003102,40140
USW00003103,22380
USW00003104,40140
USW00003122,31080
USW00003125,49740
USW00003131,41740
USW00003144,20940
USW00003145,49740
USW00003154,41740
USW00003159,31080
USW00003160,37220
USW00003162,22380
USW00003164,41740
USW00003166,31080
USW00003167,31080
USW00003170,21220
USW00003171,40140
USW00003177,41740
USW00003178,41740
USW00003179,40140
USW00003184,38060
USW00003192,38060
USW00003195,22380
USW00003196,35700
USW00003728,16700
USW00003757,30500
USW00003758,20500
USW00003759,16820
USW00003761,37980
USW00003802,17220
USW00003804,37620
USW00003809,20540
USW00003810,25860
USW00003811,27180
USW00003812,11700
USW00003813,31420
USW00003816,37140
USW00003820,12260
USW00003822,42340
USW00003841,28940
USW00003847,18900
USW00003849,18340
USW00003853,27260
USW00003855,37860
USW00003856,26620
USW00003859,14140
USW00003860,26580
USW00003866,32940
USW00003868,45460
USW00003870,43900
USW00003872,13220
USW00003878,45980
USW00003881,13820
USW00003882,37460
USW00003887,19500
USW00003888,12060
USW00003893,14020
USW00003894,17300
USW00003901,30980
USW00003904,17780
USW00003919,41460
USW00003927,19100
USW00003928,48620
USW00003932,48220
USW00003935,43460
USW00003936,31740
USW00003937,29340
USW00003940,27140
USW00003945,17860
USW00003947,28140
USW00003950,30020
USW00003951,30980
USW00003952,30780
USW00003953,27860
USW00003954,36420
USW00003959,46140
USW00003960,41180
USW00003962,31680
USW00003963,27620
USW00003965,44660
USW00003966,41180
USW00003967,28140
USW00003969,44500
USW00003971,19100
USW00003974,48620
USW00003975,38740
USW00003991,19100
USW00003994,42740
USW00003997,29940
USW00004110,46300
USW00004111,21740
USW00004113,25840
USW00004126,26820
USW00004127,14260
USW00004131,27220
USW00004134,41620
USW00004136,44060
USW00004138,14940
USW00004139,39900
USW00004141,18300
USW00004201,38900
USW00004222,39820
USW00004223,34580
USW00004236,18700
USW00004237,10140
USW00004724,15380
USW00004725,13780
USW00004726,27780
USW00004751,14620
USW00004780,49340
USW00004781,35620
USW00004789,28880
USW00004804,18140
USW00004808,16980
USW00004826,49220
USW00004838,16980
USW00004839,26090
USW00004840,22540
USW00004841,43100
USW00004842,49300
USW00004843,32740
USW00004845,28450
USW00004846,16980
USW00004847,10300
USW00004848,45780
USW00004849,17410
USW00004850,30620
USW00004851,19580
USW00004852,35420
USW00004853,17410
USW00004855,32020
USW00004857,17410
USW00004858,18140
USW00004990,43620
USW00012812,39460
USW00012815,36740
USW00012816,23540
USW00012818,45300
USW00012819,36740
USW00012834,19660
USW00012835,15980
USW00012836,28580
USW00012838,37340
USW00012839,33100
USW00012841,36740
USW00012842,45300
USW00012844,33100
USW00012849,33100
USW00012850,28580
USW00012854,36740
USW00012859,33100
USW00012871,35840
USW00012873,45300
USW00012876,29460
USW00012882,33100
USW00012884,35380
USW00012885,33100
USW00012888,33100
USW00012894,15980
USW00012895,38940
USW00012896,28580
USW00012897,34940
USW00012904,15180
USW00012907,29700
USW00012909,41700
USW00012911,41700
USW00012912,47020
USW00012916,35380
USW00012917,13140
USW00012918,26420
USW00012919,15180
USW00012921,41700
USW00012923,26420
USW00012924,18580
USW00012926,18580
USW00012928,28780
USW00012930,35380
USW00012932,10860
USW00012935,13060
USW00012944,26420
USW00012946,18580
USW00012957,15180
USW00012958,35380
USW00012959,32580
USW00012960,26420
USW00012962,41700
USW00012968,34020
USW00012970,41700
USW00012971,41700
USW00012972,18580
USW00012975,26420
USW00012976,26420
USW00012977,26420
USW00012987,32580
USW00013701,12580
USW00013702,47260
USW00013713,24140
USW00013721,30500
USW00013722,39580
USW00013723,24660
USW00013724,12100
USW00013728,19260
USW00013729,21180
USW00013733,31340
USW00013734,25180
USW00013735,47220
USW00013736,34060
USW00013737,47260
USW00013739,37980
USW00013740,40060
USW00013741,40220
USW00013743,47900
USW00013744,22500
USW00013748,48900
USW00013750,47260
USW00013752,12580
USW00013754,35100
USW00013762,47260
USW00013764,42580
USW00013766,28620
USW00013769,47260
USW00013773,47900
USW00013776,31300
USW00013781,37980
USW00013782,16700
USW00013786,21020
USW00013802,41180
USW00013810,31140
USW00013829,17980
USW00013833,25620
USW00013837,12260
USW00013838,33660
USW00013839,37120
USW00013841,48940
USW00013865,32940
USW00013866,16620
USW00013867,37620
USW00013869,10500
USW00013871,11500
USW00013872,11700
USW00013873,12020
USW00013874,12060
USW00013876,13820
USW00013877,28700
USW00013878,15260
USW00013880,16700
USW00013881,16740
USW00013882,16860
USW00013883,17900
USW00013884,18880
USW00013886,24860
USW00013889,27260
USW00013891,28940
USW00013893,32820
USW00013894,33660
USW00013895,33860
USW00013896,22520
USW00013897,34980
USW00013899,37860
USW00013904,12420
USW00013911,19100
USW00013920,45820
USW00013927,27140
USW00013932,11680
USW00013935,10780
USW00013939,24740
USW00013942,33740
USW00013957,43340
USW00013958,12420
USW00013959,47380
USW00013960,19100
USW00013961,19100
USW00013962,10180
USW00013963,30780
USW00013964,22900
USW00013966,48660
USW00013967,36420
USW00013968,46140
USW00013969,38620
USW00013970,12940
USW00013971,25460
USW00013972,46340
USW00013976,29180
USW00013977,45500
USW00013978,24900
USW00013985,19980
USW00013986,26740
USW00013987,27900
USW00013988,28140
USW00013989,21380
USW00013991,32180
USW00013993,41140
USW00013994,41180
USW00013995,44180
USW00013996,45820
USW00014605,12300
USW00014606,12620
USW00014610,12620
USW00014611,38860
USW00014702,14460
USW00014707,35980
USW00014710,31700
USW00014711,25420
USW00014712,39740
USW00014719,35620
USW00014732,35620
USW00014733,15380
USW00014734,35620
USW00014735,10580
USW00014736,11020
USW00014737,10900
USW00014739,14460
USW00014740,25540
USW00014742,15540
USW00014743,32390
USW00014745,18180
USW00014747,27460
USW00014748,21300
USW00014750,24020
USW00014751,49620
USW00014752,25540
USW00014753,14460
USW00014756,34880
USW00014757,28880
USW00014758,35300
USW00014762,38300
USW00014763,38340
USW00014764,38860
USW00014765,39300
USW00014768,40380
USW00014770,42780
USW00014771,45060
USW00014775,44140
USW00014777,42540
USW00014778,48700
USW00014787,39300
USW00014792,45940
USW00014793,37980
USW00014794,39300
USW00014804,19820
USW00014806,16580
USW00014813,10420
USW00014814,10980
USW00014815,12980
USW00014817,15620
USW00014819,16980
USW00014820,17410
USW00014821,18140
USW00014822,19820
USW00014824,21540
USW00014825,22300
USW00014826,22420
USW00014827,23060
USW00014829,21140
USW00014833,27100
USW00014835,29200
USW00014836,29620
USW00014837,31540
USW00014838,32100
USW00014839,33340
USW00014840,34740
USW00014841,37950
USW00014842,37900
USW00014845,40980
USW00014846,41780
USW00014847,42300
USW00014848,43780
USW00014850,45900
USW00014852,49660
USW00014853,19820
USW00014858,26340
USW00014860,21500
USW00014880,16980
USW00014891,31900
USW00014894,48540
USW00014895,10420
USW00014897,48140
USW00014898,24580
USW00014910,10820
USW00014913,20260
USW00014914,22020
USW00014916,24220
USW00014919,27420
USW00014920,29100
USW00014921,12660
USW00014922,33460
USW00014923,19340
USW00014925,40340
USW00014926,33460
USW00014927,33460
USW00014929,10100
USW00014931,15460
USW00014933,19780
USW00014935,24260
USW00014936,26700
USW00014937,26980
USW00014938,28860
USW00014939,30700
USW00014940,32380
USW00014941,35740
USW00014942,36540
USW00014943,43580
USW00014944,43620
USW00014946,47980
USW00014950,36900
USW00014972,43980
USW00014990,16300
USW00014991,20740
USW00021504,25900
USW00021510,25900
USW00021514,25900
USW00021515,25900
USW00022010,19620
USW00022501,28180
USW00022516,27980
USW00022519,46520
USW00022521,46520
USW00022534,27980
USW00022536,28180
USW00022551,46520
USW00023009,40740
USW00023023,33260
USW00023034,41660
USW00023041,13700
USW00023042,31180
USW00023044,21340
USW00023047,11100
USW00023049,42140
USW00023050,10740
USW00023054,29780
USW00023058,19700
USW00023061,10480
USW00023062,19740
USW00023064,23780
USW00023066,24300
USW00023078,19700
USW00023081,23700
USW00023090,22140
USW00023110,25260
USW00023129,31080
USW00023130,31080
USW00023136,37100
USW00023152,31080
USW00023153,37220
USW00023155,12540
USW00023157,13860
USW00023158,40140
USW00023160,46060
USW00023161,40140
USW00023169,29820
USW00023174,31080
USW00023177,16260
USW00023179,40140
USW00023182,31080
USW00023183,38060
USW00023184,39150
USW00023185,39900
USW00023187,31080
USW00023188,41740
USW00023190,42200
USW00023191,31080
USW00023194,43320
USW00023199,20940
USW00023213,42220
USW00023225,40900
USW00023230,41860
USW00023232,40900
USW00023233,41500
USW00023234,41860
USW00023237,44700
USW00023244,41940
USW00023254,41860
USW00023257,32900
USW00023258,33700
USW00023259,41500
USW00023271,40900
USW00023272,41860
USW00023273,42200
USW00023275,46380
USW00023277,42100
USW00023285,41860
USW00023293,41940
USW00023801,45980
USW00023803,32820
USW00023904,12900
USW00023906,18580
USW00024011,13900
USW00024012,19860
USW00024013,33500
USW00024018,16940
USW00024021,40180
USW00024022,29660
USW00024023,35820
USW00024025,38180
USW00024027,40540
USW00024028,42420
USW00024029,43260
USW00024033,13740
USW00024046,44460
USW00024061,40180
USW00024089,16220
USW00024090,39660
USW00024110,34180
USW00024120,25720
USW00024121,21220
USW00024126,36260
USW00024127,41620
USW00024128,49080
USW00024130,12520
USW00024131,14260
USW00024132,14580
USW00024133,15420
USW00024135,15580
USW00024141,34180
USW00024143,24500
USW00024144,25740
USW00024145,26820
USW00024149,30300
USW00024151,14940
USW00024152,25840
USW00024153,33540
USW00024154,33540
USW00024155,25840
USW00024157,44060
USW00024159,33540
USW00024160,47460
USW00024162,36620
USW00024163,28420
USW00024193,41620
USW00024213,21700
USW00024216,39780
USW00024217,13380
USW00024220,21260
USW00024221,21660
USW00024222,42660
USW00024225,32780
USW00024227,36500
USW00024229,38900
USW00024230,13460
USW00024231,40700
USW00024232,41420
USW00024233,42660
USW00024234,42660
USW00024235,24420
USW00024237,21260
USW00024241,16500
USW00024242,38900
USW00024243,49420
USW00024255,36020
USW00024257,39820
USW00024283,21700
USW00024284,18300
USW00024285,35440
USW00024286,18860
USW00025309,27940
USW00025325,28540
USW00025331,11260
USW00026409,11260
USW00026411,21820
USW00026451,11260
USW00026491,11260
USW00026492,11260
USW00026494,21820
USW00026514,11260
USW00026528,11260
USW00053119,25260
USW00053120,41740
USW00053121,41740
USW00053123,29820
USW00053131,46060
USW00053132,35700
USW00053136,37220
USW00053139,13860
USW00053146,43420
USW00053151,40140
USW00053152,42200
USW00053154,49740
USW00053155,22380
USW00053182,25100
USW00053802,16660
USW00053819,12060
USW00053838,23580
USW00053841,23180
USW00053842,26900
USW00053844,18140
USW00053847,37860
USW00053848,37860
USW00053850,42860
USW00053852,26620
USW00053853,18880
USW00053854,36700
USW00053855,17140
USW00053858,25060
USW00053859,19430
USW00053860,27260
USW00053863,12060
USW00053864,13820
USW00053865,43640
USW00053866,26900
USW00053867,17900
USW00053868,28940
USW00053869,14180
USW00053870,16740
USW00053871,16740
USW00053872,16740
USW00053873,12060
USW00053874,24940
USW00053877,11700
USW00053878,11700
USW00053879,28140
USW00053901,48460
USW00053902,26420
USW00053903,26660
USW00053904,41180
USW00053905,43340
USW00053907,19100
USW00053908,46140
USW00053909,19100
USW00053910,26420
USW00053911,19100
USW00053912,18620
USW00053913,36420
USW00053914,19100
USW00053915,35340
USW00053917,35380
USW00053918,34260
USW00053920,40780
USW00053922,22220
USW00053926,44660
USW00053927,44660
USW00053959,32820
USW00053960,29180
USW00053961,33740
USW00053968,37300
USW00053974,31740
USW00054704,14460
USW00054733,14460
USW00054734,14860
USW00054737,29540
USW00054740,30150
USW00054743,35620
USW00054756,24640
USW00054767,35980
USW00054768,38340
USW00054769,14460
USW00054770,28300
USW00054773,45060
USW00054777,39300
USW00054779,35620
USW00054780,35620
USW00054781,13540
USW00054782,37980
USW00054785,35620
USW00054786,37980
USW00054787,35620
USW00054788,35300
USW00054789,20700
USW00054790,35620
USW00054791,14460
USW00054792,20180
USW00054793,35620
USW00054794,14460
USW00054795,14460
USW00054796,39300
USW00054797,39300
USW00054808,16580
USW00054811,16980
USW00054856,49300
USW00054902,19780
USW00063838,30460
USW00063849,14540
USW00063850,12020
USW00063855,18900
USW00063856,28680
USW00063857,22840
USW00063858,42820
USW00063862,22840
USW00063867,18980
USW00063868,19460
USW00063869,19300
USW00063872,21640
USW00063890,27260
USW00063891,13820
USW00063892,46220
USW00063893,46220
USW00063894,22520
USW00063895,40770
USW00063896,42460
USW00063897,42820
USW00063898,13260
USW00064756,28880
USW00064758,18660
USW00064775,46540
USW00064776,38460
USW00073801,46220
USW00073803,45180
USW00073805,37460
USW00092805,33100
USW00092806,45300
USW00092809,33100
USW00092811,33100
USW00092821,37340
USW00092826,34940
USW00092827,42700
USW00093005,20420
USW00093009,14720
USW00093010,19740
USW00093013,33940
USW00093026,43420
USW00093033,16100
USW00093037,17820
USW00093044,23700
USW00093058,39380
USW00093067,19740
USW00093073,40090
USW00093084,40940
USW00093102,21980
USW00093104,12540
USW00093107,41740
USW00093110,37100
USW00093111,37100
USW00093112,41740
USW00093115,41740
USW00093129,16260
USW00093134,31080
USW00093138,40140
USW00093139,37740
USW00093141,39220
USW00093167,29420
USW00093184,31080
USW00093193,23420
USW00093197,31080
USW00093205,49700
USW00093206,42020
USW00093209,42020
USW00093210,17020
USW00093225,40900
USW00093227,34900
USW00093228,41860
USW00093230,40900
USW00093241,46700
USW00093242,23420
USW00093243,32900
USW00093245,42220
USW00093706,25180
USW00093718,34820
USW00093719,35100
USW00093720,41540
USW00093721,12580
USW00093727,27340
USW00093729,28620
USW00093730,12100
USW00093736,16820
USW00093738,47900
USW00093740,22180
USW00093741,47260
USW00093759,40580
USW00093765,33980
USW00093773,40060
USW00093775,40060
USW00093778,49620
USW00093780,37980
USW00093781,40260
USW00093782,29900
USW00093783,15500
USW00093784,12580
USW00093785,20500
USW00093786,36180
USW00093801,40660
USW00093805,45220
USW00093806,46220
USW00093807,49180
USW00093808,14540
USW00093809,16020
USW00093810,16060
USW00093812,17140
USW00093814,17140
USW00093815,19430
USW00093817,21780
USW00093819,26900
USW00093820,30460
USW00093821,31140
USW00093822,44100
USW00093823,45460
USW00093824,49780
USW00093831,25940
USW00093837,27260
USW00093841,37860
USW00093842,17980
USW00093845,46660
USW00093846,24860
USW00093862,46180
USW00093874,25060
USW00093904,19100
USW00093909,28140
USW00093914,37300
USW00093915,10780
USW00093919,32620
USW00093950,32540
USW00093953,34780
USW00093981,44180
USW00093985,19100
USW00093987,31260
USW00093988,38220
USW00093989,39500
USW00093992,20980
USW00093993,22220
USW00094014,48780
USW00094023,23940
USW00094030,46860
USW00094032,39660
USW00094056,39660
USW00094074,24540
USW00094075,14500
USW00094078,40180
USW00094080,19860
USW00094082,44460
USW00094107,36620
USW00094119,44060
USW00094128,30860
USW00094129,39420
USW00094143,26820
USW00094173,27220
USW00094176,44060
USW00094178,46300
USW00094194,39940
USW00094224,11820
USW00094225,10140
USW00094227,43220
USW00094236,28900
USW00094239,48300
USW00094240,38820
USW00094248,42660
USW00094261,38900
USW00094266,38820
USW00094273,38900
USW00094274,42660
USW00094281,41420
USW00094290,42660
USW00094298,38900
USW00094624,12700
USW00094644,12620
USW00094702,14860
USW00094704,40380
USW00094705,12740
USW00094720,12700
USW00094723,14460
USW00094724,47240
USW00094725,32390
USW00094726,39300
USW00094728,35620
USW00094732,37980
USW00094741,35620
USW00094745,35620
USW00094746,49340
USW00094765,30150
USW00094789,35620
USW00094790,48060
USW00094794,46540
USW00094815,28020
USW00094817,19820
USW00094818,39540
USW00094822,40420
USW00094823,38300
USW00094830,45780
USW00094846,16980
USW00094847,19820
USW00094849,10980
USW00094850,32100
USW00094855,36780
USW00094860,24340
USW00094870,16580
USW00094871,35660
USW00094889,11460
USW00094892,16980
USW00094893,27020
USW00094895,34620
USW00094899,26340
USW00094908,20220
USW00094910,47940
USW00094911,49460
USW00094918,36540
USW00094931,20260
USW00094938,14660
USW00094949,25580
USW00094950,33580
USW00094960,33460
USW00094963,33460
USW00094982,19340
USW00094985,49220
USW00094988,32260
USW00094989,11180
USW00094994,38420
USW00094995,30700
USW00094996,30700
